instance_id,solver_name,n_backdoor_leaves,backdoor_depth,whole_runtime,whole_decisions,whole_propagations,whole_restarts,whole_conflicts,leaves_runtime,leaves_decisions,leaves_propagations,leaves_restarts,leaves_conflicts,tautology_check_runtime
0,minisat22,548,12,1.899871032,34138,44997,25,4739,0.0017449250000005634,0,5751,548,593,0.003469881000000896
0,glucose41,548,12,4.587468867999995,52597,78491,19,9911,0.0020182129999994913,0,5751,548,593,0.00512601199999807
0,cadical153,548,12,5.103446172999995,75364,126942,33,17364,0.0021829849999974726,0,5808,0,596,0.0038981889999973873
0,lingeling,548,12,34.796512499,131474,198981,2,20441,0.0059928610000099525,5064,5109,0,544,0.009600466999998503
1,minisat22,542,11,0.362362614999995,15516,22220,15,2938,0.00048314000000004853,0,5303,542,677,0.0016857800000025236
1,glucose41,542,11,1.5254203100000154,45064,85641,3,13890,0.0005473569999878691,0,5303,542,677,0.002607975999978862
1,cadical153,542,11,1.1586959830000012,23760,39319,23,5483,0.0009153780000019651,0,5336,0,673,0.0020772219999969366
1,lingeling,542,11,7.494869077999994,54888,85672,3,10914,0.0024646619999941777,4421,4493,0,539,0.004661044000016545
2,minisat22,546,12,1.8397858990000202,29161,39709,25,4667,0.0008416450000083842,0,5721,546,605,0.0029969050000033803
2,glucose41,546,12,5.064369575000001,56312,86948,20,11401,0.0009118150000233527,0,5721,546,605,0.0037473680000061904
2,cadical153,546,12,5.442650172000015,67256,117450,28,16757,0.0016143819999854259,0,5751,0,609,0.006435414000009132
2,lingeling,546,12,82.68834557399998,347363,492836,0,37761,0.0066344440000420946,4986,5043,0,535,0.008267744000022503
3,minisat22,546,12,2.010935712000048,32371,43002,25,4660,0.0025385050000181764,0,5859,546,654,0.003078966000032324
3,glucose41,546,12,6.213232630999983,60614,92273,21,11999,0.0029350940000085757,0,5859,546,654,0.004017549000025156
3,cadical153,546,12,4.750436081000032,72109,125710,19,17546,0.0022392829999944297,0,5940,0,653,0.0036101529999541526
3,lingeling,546,12,44.64320211500001,172317,255954,1,24953,0.004108606999977837,4993,5079,0,535,0.009136296000008315
4,minisat22,545,11,2.0753837319999775,33039,44222,27,4971,0.0012551910000411226,0,5850,545,642,0.0033475149999731
4,glucose41,545,11,8.009464177999973,83696,127463,23,16233,0.0014102630000252248,0,5850,545,642,0.0036972130000094694
4,cadical153,545,11,5.065711529999987,70004,120335,25,17068,0.0017933389999598148,0,5905,0,647,0.004739524999990863
4,lingeling,545,11,31.748990101999993,118500,181556,2,19732,0.005346278000047278,5020,5064,0,540,0.01116306699998404
5,minisat22,544,12,1.9771891409999398,31045,40585,22,4339,0.0023468950000733457,0,5815,544,641,0.0029969740000979073
5,glucose41,544,12,5.664820257999963,54232,80422,26,10241,0.002538146000006236,0,5815,544,641,0.00572167999996509
5,cadical153,544,12,3.633369812000069,55781,96274,22,13317,0.0018392949999679331,0,5813,0,641,0.0041115880000006655
5,lingeling,544,12,12.965149118999989,53583,76123,3,8438,0.0056458279999560546,4971,5027,0,535,0.00854675400000815
6,minisat22,546,12,1.7040730700000495,28948,39999,24,4596,0.0012324350000199047,0,5771,546,658,0.0026390750000473417
6,glucose41,546,12,4.409093465999945,53350,82111,15,10378,0.001307251000071119,0,5771,546,658,0.0049060110000027635
6,cadical153,546,12,3.895882895999989,58236,99854,24,13222,0.0011105270000371092,0,5839,0,662,0.004293587000006482
6,lingeling,546,12,33.929829401000006,139521,207935,1,20699,0.004392740000071171,4954,5021,0,543,0.007978417999993326
7,minisat22,546,12,2.2220489740000176,32250,43772,28,5195,0.0013781339999923148,0,5850,546,638,0.0031629850000172155
7,glucose41,546,12,5.932972843000016,57408,86527,22,11215,0.0014983759999722679,0,5850,546,638,0.005894410000109929
7,cadical153,546,12,4.254190807999976,55871,93688,24,13344,0.0017229369999540722,0,5835,0,626,0.0035223789999463406
7,lingeling,546,12,19.16133502999992,72204,105044,4,11536,0.0033961579999868263,5039,5084,0,545,0.008405104999951618
8,minisat22,546,12,1.975919073,33376,45670,28,5217,0.001748312999893642,0,5697,546,591,0.0031175599999642145
8,glucose41,546,12,3.7151340909999817,46720,71371,15,9796,0.0019220529999302016,0,5697,546,591,0.0052703529999007515
8,cadical153,546,12,6.095866636999972,90563,152796,131,20114,0.001417976000084309,0,5715,0,592,0.0037395159999960015
8,lingeling,546,12,35.5246699490001,136248,205751,2,20509,0.004582464000009168,5040,5059,0,541,0.008575906000032774
9,minisat22,547,12,1.6747614689999182,28340,38157,24,4565,0.0016922089999980017,0,5784,547,640,0.0029233500000600543
9,glucose41,547,12,5.430807196999922,62728,94871,22,12455,0.001873251999995773,0,5784,547,640,0.005503974000021117
9,cadical153,547,12,6.781737679999992,80359,144636,57,20253,0.0015774809999129502,0,5807,0,638,0.0035420290000729437
9,lingeling,547,12,33.19612806200007,124133,191855,2,21007,0.00786675200015452,5006,5077,0,544,0.00783389499997611
10,minisat22,546,12,1.4176995299999362,25448,34725,22,4059,0.0008829719999994268,0,5631,546,633,0.0026232259999687813
10,glucose41,546,12,4.9267222519999905,65712,102233,15,13678,0.0009656130000621488,0,5631,546,633,0.005299923999928069
10,cadical153,546,12,5.003350081999997,74991,126635,17,17165,0.0004752979998556839,0,5663,0,632,0.0032829560000209312
10,lingeling,546,12,30.43130048399985,130702,194438,1,19077,0.0024397739998676116,4857,4907,0,540,0.008529796000175338
11,minisat22,546,12,1.7053794470000412,29922,40869,25,4750,0.001523163999991084,0,5854,546,653,0.0026794139998855826
11,glucose41,546,12,5.053821174999939,58180,87273,22,11321,0.001712150000003021,0,5854,546,653,0.00436045100013871
11,cadical153,546,12,4.067658321999943,49642,85593,29,12145,0.0025046430000656983,0,5846,0,645,0.0049720899999101675
11,lingeling,546,12,34.54369109999993,134735,203144,1,20394,0.007643214999916381,5016,5080,0,544,0.00893636199998582
12,minisat22,547,12,2.0011336259999553,29903,40693,26,4859,0.0016504899999745248,0,5847,547,632,0.0031340819998604275
12,glucose41,547,12,4.650637419999839,53005,76622,18,9765,0.0018972000000303524,0,5847,547,632,0.0042957250000199565
12,cadical153,547,12,4.110532901999932,56970,94359,41,12771,0.002001521000011053,0,5949,0,640,0.0034555719998934364
12,lingeling,547,12,35.344900756000015,137423,205998,2,20861,0.006895791000033569,5048,5096,0,545,0.008921870999984094
13,minisat22,545,12,1.9987271830000282,33155,43972,25,4742,0.0005861649999587826,0,5725,545,604,0.003180073999828892
13,glucose41,545,12,4.497594735999883,48028,67039,25,8125,0.0006827419999808626,0,5725,545,604,0.006257291999872905
13,cadical153,545,12,5.597545416999992,74200,127403,53,17165,0.0002002010000978771,0,5756,0,608,0.0046500969999669906
13,lingeling,545,12,33.96249287399996,134491,201585,2,20182,0.0024885400000584923,4976,5037,0,529,0.008089553999980126
14,minisat22,547,12,1.9941861279999102,29865,40496,25,4707,0.0010826830000496557,0,5843,547,648,0.002876778999961971
14,glucose41,547,12,5.303394378999883,61590,90309,26,11378,0.001230315000157134,0,5843,547,648,0.004162170999961745
14,cadical153,547,12,4.064529247999872,56144,101496,18,14544,0.0008832700000311888,0,5852,0,649,0.007836812000050486
14,lingeling,547,12,15.98443523700007,63760,93166,4,10401,0.00414347099990664,5015,5076,0,539,0.008262120999916078
15,minisat22,548,12,1.8482969550000234,33153,43402,25,4693,0.0018240179999793327,0,5807,548,607,0.0031316740000875143
15,glucose41,548,12,9.806504750000158,117379,211176,14,28975,0.0020405269999628217,0,5807,548,607,0.004105901000002632
15,cadical153,548,12,5.51028803600002,84116,145868,45,20135,0.0018059590001939796,0,5858,0,615,0.006741005000094447
15,lingeling,548,12,19.247631334999824,80715,115916,2,12078,0.007536305000030552,5058,5088,0,544,0.010667921000049319
16,minisat22,542,12,2.139009013000077,31738,43336,27,4958,0.0017436759999327478,0,5759,542,633,0.0028151050000815303
16,glucose41,542,12,6.1236457950001295,71899,115853,17,15619,0.0019776599999659084,0,5759,542,633,0.005672591000120519
16,cadical153,542,12,6.615564582999923,84488,144578,57,19560,0.001220446999923297,0,5785,0,635,0.003273470000067391
16,lingeling,542,12,33.61142226899983,135200,200358,2,19872,0.007762643999967622,4951,5028,0,537,0.009321400000089852
17,minisat22,546,11,1.7448428190000413,29627,40326,25,4718,0.0016122740000810154,0,5754,546,632,0.0027254060000814206
17,glucose41,546,11,4.366052252999907,51206,76151,17,10116,0.001709461000018564,0,5754,546,632,0.004222106000042913
17,cadical153,546,11,4.066013446999932,57942,98952,24,13460,0.0018455490001088037,0,5786,0,636,0.0057870820000971435
17,lingeling,546,11,15.422133311999914,60108,89223,4,9982,0.005758778999961578,4964,5035,0,539,0.008181042999922283
18,minisat22,545,12,1.979234717000054,28371,38902,23,4475,0.001636313000062728,0,5791,545,616,0.002678414000001794
18,glucose41,545,12,5.052526288000081,53569,76644,24,9401,0.001856032999967283,0,5791,545,616,0.004738104999887582
18,cadical153,545,12,5.530896193999979,84437,145661,47,19948,0.0010061650000352529,0,5807,0,619,0.003521368000065195
18,lingeling,545,12,32.76329553200003,132349,197754,1,18884,0.005916487000149573,5004,5049,0,541,0.009199717000001328
19,minisat22,545,12,1.6308822749999763,26156,36391,23,4420,0.001110380999989502,0,5835,545,640,0.002930177000052936
19,glucose41,545,12,4.91548072899991,52396,81626,19,11274,0.001264053999875614,0,5835,545,640,0.005393832999970982
19,cadical153,545,12,4.11358582999992,53927,98247,29,13780,0.0017661460001363594,0,5857,0,640,0.003822738000053505
19,lingeling,545,12,35.38770222899984,140239,207032,1,19800,0.005402660000072501,5040,5090,0,540,0.009904022999762674
20,minisat22,544,11,1.6449325210001007,29904,40688,26,4830,0.0017035450000548735,0,5765,544,620,0.002622664999762492
20,glucose41,544,11,4.974915825000153,54477,76154,30,8901,0.0017439229995943606,0,5765,544,620,0.005873164999684377
20,cadical153,544,11,6.0180939219999345,80808,140273,69,19407,0.001443666999875859,0,5772,0,619,0.0037067359999127802
20,lingeling,544,11,38.96088808400009,153038,228750,1,22412,0.002048701000148867,4967,5017,0,540,0.0080807399999685
21,minisat22,543,11,0.286101748999954,12301,16835,13,1923,0.0005964560000393249,0,5278,543,646,0.001163940999958868
21,glucose41,543,11,0.5540204490002907,21684,35865,5,5673,0.0006387389998963044,0,5278,543,646,0.0023754059998282173
21,cadical153,543,11,1.527510379999967,33694,56402,43,8175,0.0002089149998028006,0,5290,0,642,0.0023859440002524934
21,lingeling,543,11,5.002363606000017,37044,56739,1,6544,0.0015975410001374257,4419,4487,0,531,0.005600286000117194
22,minisat22,545,12,2.044084653000027,33153,44114,25,4736,0.0018588749999253196,0,5702,545,578,0.002977346000079706
22,glucose41,545,12,5.054811170999983,52331,75697,19,9504,0.002161887000056595,0,5702,545,578,0.003818529000000126
22,cadical153,545,12,5.6559872289999475,74303,135360,28,19223,0.0027762759996221575,0,5718,0,579,0.004078746999766736
22,lingeling,545,12,22.043190224000227,84619,125561,2,13338,0.007355400000051304,5060,5084,0,545,0.008264898000106768
23,minisat22,545,11,2.002736638999977,33171,44165,26,4920,0.0027872450000359095,0,5788,545,630,0.0030442389997915598
23,glucose41,545,11,5.954903982999895,65782,96094,22,12220,0.0030405940001401177,0,5788,545,630,0.005500546999883227
23,cadical153,545,11,5.059987242000261,81104,141257,22,19410,0.0016153120000126364,0,5807,0,620,0.0049993749998975545
23,lingeling,545,11,21.0255225840001,77436,114664,3,13073,0.0040328889999727835,5001,5053,0,537,0.00865354000006846
24,minisat22,543,12,1.6056119580002814,30757,41275,24,4610,0.0010141399998246925,0,5667,543,599,0.0028567300000759133
24,glucose41,543,12,4.700007019000168,59920,91499,17,12326,0.0011072309998780838,0,5667,543,599,0.004003399999874091
24,cadical153,543,12,4.710497970000233,63735,109992,22,14955,0.0014232999997148,0,5687,0,599,0.009572149999712565
24,lingeling,543,12,35.906490833000134,151136,225033,1,21731,0.006097829000282218,4964,5019,0,537,0.007885299999998097
25,minisat22,546,12,1.7561535230001937,29002,38953,23,4493,0.0011436310001045058,0,5744,546,612,0.002750551000190171
25,glucose41,546,12,4.829903863999789,49399,74717,21,9691,0.0008773760000622133,0,5744,546,612,0.005637879000005341
25,cadical153,546,12,4.785209609000049,71916,128584,29,18250,0.0010290109999004926,0,5760,0,615,0.004045442000006005
25,lingeling,546,12,30.965912059999937,119738,181147,1,18893,0.004384293999919464,4987,5028,0,535,0.00784966799983522
26,minisat22,546,11,1.6863053309998577,32089,42641,25,4737,0.001996745000269584,0,5790,546,647,0.002972691000195482
26,glucose41,546,11,6.997016557999814,77489,119443,23,15763,0.002073088000088319,0,5790,546,647,0.004979311000170128
26,cadical153,546,11,5.393580193999696,73603,125599,22,17232,0.002762320000329055,0,5814,0,649,0.004231229000197345
26,lingeling,546,11,36.98673071800022,154757,225831,1,21598,0.007652376999885746,4955,5013,0,542,0.008020311999644036
27,minisat22,546,12,1.3894425350003985,30110,40779,25,4760,0.0012200959999972838,0,5666,546,633,0.002883488999941619
27,glucose41,546,12,3.092017660000238,44382,61795,20,7409,0.0012706399998023699,0,5666,546,633,0.003759857000204647
27,cadical153,546,12,4.639957025000058,72166,128664,17,18346,0.0010178860002270085,0,5665,0,628,0.003948185999888665
27,lingeling,546,12,20.779550742000083,93421,136204,3,14335,0.0022062289999666973,4877,4941,0,539,0.009356038000078115
28,minisat22,544,12,1.601475649999884,27853,38099,22,4352,0.0014492810000774625,0,5908,544,671,0.003003288999934739
28,glucose41,544,12,5.387000858999727,55956,81170,24,9946,0.0016807199999675504,0,5908,544,671,0.0068369810001058795
28,cadical153,544,12,15.411622691000048,92885,284489,47,22700,0.0010327989998586418,0,5910,0,658,0.003979684000114503
28,lingeling,544,12,42.82532150899988,169698,256969,1,25245,0.003430885999932798,4988,5054,0,538,0.009230346999629546
29,minisat22,546,12,1.8387754099999256,32055,41623,22,4423,0.0012753030000567378,0,5726,546,604,0.003236030000152823
29,glucose41,546,12,7.696505204000005,85444,131139,24,16950,0.0014373680000971945,0,5726,546,604,0.005310774999998102
29,cadical153,546,12,20.21781828300027,100519,302526,51,25161,0.0017910179999489628,0,5760,0,602,0.008265136999852984
29,lingeling,546,12,25.453360283000166,101105,149449,3,15683,0.007217390000278101,5001,5074,0,540,0.0074872769996545685
30,minisat22,545,12,1.871759708999889,31298,41954,25,4736,0.0022871090000080585,0,5762,545,626,0.002964002999760851
30,glucose41,545,12,3.910290719000386,45900,70899,13,9565,0.002551754000251094,0,5762,545,626,0.003625254999860772
30,cadical153,545,12,4.771574386000339,55619,87493,101,10868,0.002995929000007891,0,5786,0,627,0.003968115999668953
30,lingeling,545,12,44.13023923000037,185039,270928,1,25456,0.01086484199959159,4980,5049,0,538,0.009470222999880207
31,minisat22,545,11,1.8005098410003484,30128,40675,25,4714,0.0010626190000948554,0,5720,545,630,0.0030009110000719375
31,glucose41,545,11,5.323759582000093,69585,106772,15,13993,0.0011002340002050914,0,5720,545,630,0.005136174999734067
31,cadical153,545,11,5.3039795499998945,66771,117263,26,16140,0.0005657050000991148,0,5740,0,621,0.0030191730002115946
31,lingeling,545,11,42.99729894100028,176848,264633,1,26276,0.0023415809996549797,4960,5017,0,540,0.007379482999567699
32,minisat22,543,12,1.9934560440001405,30529,39390,22,4033,0.0008922689999053546,0,5726,543,621,0.0030303829998956644
32,glucose41,543,12,5.613451463000274,59647,84328,22,9908,0.0010002070002883556,0,5726,543,621,0.0062211170002228755
32,cadical153,543,12,4.02478021800016,58299,100081,18,13531,0.0005768330001956201,0,5747,0,618,0.00294141899985334
32,lingeling,543,12,32.64371081199988,134751,198338,1,19529,0.003161988000101701,4967,5034,0,536,0.00810753299992939
33,minisat22,546,12,1.9042440060002264,30752,40522,23,4434,0.000776977999976225,0,5693,546,612,0.0027859829997396446
33,glucose41,546,12,4.211311743999886,51248,71132,19,8604,0.0008323500001097273,0,5693,546,612,0.00499372600006609
33,cadical153,546,12,3.958237700999689,53341,86997,34,11629,0.0009443839999221382,0,5735,0,615,0.004595456999595626
33,lingeling,546,12,20.822233746000165,81171,123319,3,14069,0.00254884400010269,4961,5009,0,544,0.008524982999915665
34,minisat22,545,12,1.7069443540003704,28246,37940,23,4435,0.0006215660000634671,0,5748,545,595,0.00317951599981825
34,glucose41,545,12,6.872742059999837,66920,106870,20,14122,0.0006745139999111416,0,5748,545,595,0.007406083000205399
34,cadical153,545,12,4.951708178999979,67139,113618,44,15313,0.0004245209997861821,0,5781,0,598,0.005276109999613254
34,lingeling,545,12,33.359141530000215,123034,186877,3,19194,0.0031455039998036227,5038,5078,0,540,0.00867678699978569
35,minisat22,545,12,1.70919244300012,30009,41412,25,4674,0.0015040090002003126,0,5781,545,637,0.003036902000076225
35,glucose41,545,12,5.020417357000042,58449,93620,11,12900,0.0016967859996839252,0,5781,545,637,0.0053272609998202824
35,cadical153,545,12,5.616952006999782,84462,149010,48,20828,0.0009300179999627289,0,5824,0,641,0.0038659659999211726
35,lingeling,545,12,46.63181777400041,187523,277829,1,25463,0.003202543000043079,4989,5063,0,535,0.009392765000029613
36,minisat22,544,12,1.8469513499999266,31257,41205,24,4522,0.0011974270000791876,0,5872,544,668,0.0029359340001064993
36,glucose41,544,12,4.664884486000119,50457,74073,18,9804,0.001337653000064165,0,5872,544,668,0.0034548690000519855
36,cadical153,544,12,4.784967682000115,71857,126573,34,17717,0.001032511000175873,0,5894,0,666,0.0034916049999083043
36,lingeling,544,12,43.32094388200039,172036,258537,2,25011,0.00499050200005513,4954,5018,0,535,0.008739089000300737
37,minisat22,547,12,1.9409427499999765,29561,39686,24,4529,0.0008293369996863476,0,5680,547,614,0.00274537000041164
37,glucose41,547,12,4.418268808999983,45248,67431,19,8686,0.0008685810003044026,0,5680,547,614,0.0038362639998013037
37,cadical153,547,12,11.949773260999791,105804,206526,108,24644,0.0015062990000842547,0,5732,0,620,0.006617946999995183
37,lingeling,547,12,39.299158009000166,160938,238640,1,22648,0.08071726200023477,4996,5041,0,541,0.018597751000015705
38,minisat22,543,12,1.6911433979998947,29729,39085,22,4320,0.0049664479997773014,0,5752,543,616,0.0027305949997753487
38,glucose41,543,12,5.873070957999971,74463,123674,14,17433,0.005417564000708808,0,5752,543,616,0.003467717000603443
38,cadical153,543,12,4.014023153999915,57302,99678,33,13520,0.002197900999817648,0,5818,0,624,0.010416238000289013
38,lingeling,543,12,20.843318561999695,78467,113574,5,12655,0.0064295029997083475,5004,5055,0,538,0.00933158000043477
39,minisat22,546,12,1.9077508180007499,29972,39811,24,4547,0.001070465000339027,0,5744,546,588,0.003045816999474482
39,glucose41,546,12,4.338955697000529,49904,71603,19,8813,0.001224999999976717,0,5744,546,588,0.004560551999929885
39,cadical153,546,12,4.295943914000418,61551,107216,24,14969,0.00046500200005539227,0,5731,0,588,0.003209948999938206
39,lingeling,546,12,42.1952982290004,176764,264346,1,26122,0.0023290190001716837,5059,5078,0,543,0.007613468000272405
40,minisat22,545,12,2.0743180130002656,35345,48001,29,5396,0.0016039559995988384,0,5762,545,621,0.003006074000040826
40,glucose41,545,12,6.094886752000093,65928,109049,15,15355,0.001722942000014882,0,5762,545,621,0.006762201999663375
40,cadical153,545,12,5.7176738600001045,74831,130902,42,18469,0.0008971470006144955,0,5785,0,625,0.004437755000253674
40,lingeling,545,12,17.72983360499984,61860,94649,2,11357,0.0032731420005802647,4984,5028,0,542,0.007598113000312878
41,minisat22,547,11,1.7369788019996122,28286,39362,25,4652,0.000716325999746914,0,5861,547,646,0.0028324739996605786
41,glucose41,547,11,6.538358235000487,72487,114679,14,15347,0.0007893499996498576,0,5861,547,646,0.003971294999246311
41,cadical153,547,11,12.391103504999592,92592,286079,14,23360,0.0004022639996037469,0,5865,0,650,0.003640758000074129
41,lingeling,547,11,19.049143963999995,76764,114145,4,12450,0.0024688980001883465,5024,5065,0,540,0.008400720999816258
42,minisat22,543,12,1.863724720999926,32155,43168,25,4821,0.0018187010000474402,0,5831,543,647,0.003117471000223304
42,glucose41,543,12,5.1758187549994545,53213,78819,21,10226,0.0019995100001324317,0,5831,543,647,0.005253186999652826
42,cadical153,543,12,4.775331404000099,66721,115941,45,15942,0.0009626599994589924,0,5853,0,650,0.004024973000014143
42,lingeling,543,12,43.11576827599947,160364,246122,1,24768,0.0020274750004318776,5013,5063,0,539,0.007544435000454541
43,minisat22,541,11,1.5126859830006651,26602,36231,22,4217,0.0007713109998803702,0,5565,541,578,0.0024855619994923472
43,glucose41,541,11,3.4308221530000083,44054,62980,23,7808,0.000842219999867666,0,5565,541,578,0.0037714189993494074
43,cadical153,541,11,3.8304108729998916,52086,83750,45,11156,0.0006741899996995926,0,5589,0,578,0.00351028499972017
43,lingeling,541,11,14.827531403000648,59527,86866,4,9520,0.002409851999800594,4860,4897,0,523,0.011349885000527138
44,minisat22,543,11,1.6128092760000072,30361,40932,25,4760,0.0028086000002076617,0,5723,543,603,0.0031614000008630683
44,glucose41,543,11,5.162157581999963,61273,91263,16,11748,0.0030825330004518037,0,5723,543,603,0.0036155469997538603
44,cadical153,543,11,14.05048327700024,92393,286488,57,23780,0.002447226999720442,0,5755,0,604,0.003915803000381857
44,lingeling,543,11,46.20519148099993,184043,274504,1,26174,0.0073513759998604655,4993,5045,0,543,0.00826554400009627
45,minisat22,545,12,1.7688043349999134,31979,42184,25,4660,0.0015622099999745842,0,5730,545,617,0.003059374999793363
45,glucose41,545,12,6.2606841300003,76029,117182,17,15039,0.0017120720003731549,0,5730,545,617,0.007090330999744765
45,cadical153,545,12,6.876404000000548,88367,148981,49,19814,0.0011368740006219014,0,5765,0,618,0.00500478599951748
45,lingeling,545,12,46.60379117299999,192196,280657,1,26314,0.003945269000723783,5021,5072,0,540,0.009033379999891622
46,minisat22,546,11,1.2771702669997467,24769,33658,22,4039,0.0010999219994118903,0,5599,546,624,0.002326519000234839
46,glucose41,546,11,3.578826613000274,50237,77768,18,10362,0.001184109999485372,0,5599,546,624,0.004058413999700861
46,cadical153,546,11,4.372610393000286,67899,120643,32,17421,0.0006667460002063308,0,5625,0,619,0.0036437869994188077
46,lingeling,546,11,25.409829774999707,110919,162481,1,16230,0.0018081219996020081,4810,4892,0,540,0.007162228000197501
47,minisat22,543,12,2.1251850759999797,34073,45422,27,4960,0.0017614190001040697,0,5771,543,619,0.0030072259996813955
47,glucose41,543,12,5.952898002000438,75544,117968,14,15884,0.0019014720000996022,0,5771,543,619,0.0037392040003396687
47,cadical153,543,12,5.994035425999755,76846,131079,126,17472,0.0011569530006454443,0,5796,0,622,0.004248072000336833
47,lingeling,543,12,21.466800522000085,86913,128188,2,13556,0.004967433000274468,4965,5031,0,536,0.007873894000113069
48,minisat22,545,11,2.0964577830000053,33985,44801,26,4912,0.0011894669996763696,0,5832,545,661,0.0028210309992573457
48,glucose41,545,11,7.132630213000084,89001,145372,19,19404,0.001273193000088213,0,5832,545,661,0.004217044000142778
48,cadical153,545,11,11.340831540000181,93732,259524,63,21616,0.001059759999407106,0,5886,0,661,0.004321396999330318
48,lingeling,545,11,18.47232462699958,76457,108594,4,11438,0.0035402029998294893,4963,5047,0,541,0.0083936460005134
49,minisat22,545,11,1.955500777999987,30964,41814,24,4568,0.0007867530002840795,0,5796,545,645,0.0025000299992825603
49,glucose41,545,11,4.691397118000168,53524,76427,24,9358,0.0008977800007414771,0,5796,545,645,0.003925314999833063
49,cadical153,545,11,3.8631835649994173,53011,91400,48,12703,0.0010672680000425316,0,5849,0,650,0.003154783000354655
49,lingeling,545,11,30.454852901999402,114603,175215,2,18794,0.003615296000134549,4985,5053,0,530,0.008232227000007697
50,minisat22,543,12,1.8231185510003343,29918,40558,25,4787,0.002894105999985186,0,5772,543,611,0.003063883999857353
50,glucose41,543,12,6.478874616999747,74440,126040,14,17968,0.003275846000178717,0,5772,543,611,0.006823141000495525
50,cadical153,543,12,3.9888830789996064,52081,84466,28,11055,0.0022183950004546205,0,5795,0,606,0.003864904000693059
50,lingeling,543,12,17.950365130000137,68420,101450,4,11084,0.008301345999825571,5007,5051,0,537,0.00855397799932689
51,minisat22,543,11,1.7349924350000947,29012,39780,24,4539,0.0012153170000601676,0,5761,543,618,0.0031021309996503987
51,glucose41,543,11,6.8822499369998695,71959,120334,24,16512,0.0012813740004276042,0,5761,543,618,0.005496084999322193
51,cadical153,543,11,17.356573741999455,93829,285950,103,22377,0.0014014070002303924,0,5780,0,621,0.003310475999569462
51,lingeling,543,11,45.365458752999984,181560,271427,1,25190,0.005087266000373347,4964,5021,0,533,0.0069290809997255565
52,minisat22,545,13,1.671036871999604,30411,41039,25,4733,0.0017551780001667794,0,5856,545,656,0.0033178700005009887
52,glucose41,545,13,7.998850826999842,84340,135382,18,18675,0.001883089999864751,0,5856,545,656,0.004872967000665085
52,cadical153,545,13,4.137647063999793,53396,89362,28,12323,0.0015449630000148318,0,5907,0,664,0.0035219729998061666
52,lingeling,545,13,35.07553567800005,133012,204155,1,21635,0.0055108329997892724,4995,5072,0,540,0.007366241999989143
53,minisat22,544,11,1.6331890499996007,31023,40418,23,4480,0.0008683390005899128,0,5810,544,643,0.0028178069997011335
53,glucose41,544,11,7.867304883000543,81076,126562,24,16503,0.0009475599999859696,0,5810,544,643,0.004916361999676155
53,cadical153,544,11,5.481196538999939,77601,135972,40,19109,0.0009565800000927993,0,5840,0,641,0.0038018179993741796
53,lingeling,544,11,37.795378867999716,150042,228174,1,23261,0.0023322490005739382,4976,5061,0,542,0.00906009600021207
54,minisat22,545,11,1.7659661689995119,27353,36910,22,4240,0.0018553889995018835,0,5681,545,586,0.0029636429999300162
54,glucose41,545,11,10.425899389999358,103762,176834,23,23474,0.001946451000549132,0,5681,545,586,0.007248795999657887
54,cadical153,545,11,5.410797372999696,83000,143844,33,19755,0.0006953099991733325,0,5712,0,588,0.0038654520003547077
54,lingeling,545,11,33.28172194099989,125235,188974,1,19444,0.005301210000652645,4998,5035,0,530,0.007803612999850884
55,minisat22,545,12,1.942005375000008,33046,44761,27,4943,0.0013267820004330133,0,5700,545,633,0.002978497000185598
55,glucose41,545,12,3.819269281999368,47546,69978,16,8906,0.0013826710001012543,0,5700,545,633,0.003466334999757237
55,cadical153,545,12,5.327076243999727,69406,121924,30,17341,0.0006760160003977944,0,5756,0,632,0.003863846000058402
55,lingeling,545,12,30.093014369999764,122530,185006,2,19470,0.00454244499997003,4923,4972,0,538,0.009229976999449718
56,minisat22,543,12,1.7549483550001241,26581,37155,24,4532,0.0018349629999647732,0,5745,543,628,0.003060132000427984
56,glucose41,543,12,5.082403785999304,63027,95031,21,12538,0.0019089770003120066,0,5745,543,628,0.0038683349994244054
56,cadical153,543,12,3.8712790899999163,50697,89213,52,12592,0.0017402639996362268,0,5795,0,629,0.004584524000165402
56,lingeling,543,12,47.542772793999575,189542,285319,1,25909,0.0071392400004697265,4973,5018,0,536,0.007468804999916756
57,minisat22,544,11,2.003019648999725,28797,38518,22,4390,0.0010661669994078693,0,5717,544,616,0.0027703870000550523
57,glucose41,544,11,4.25859626700003,50354,70773,19,8546,0.0011350180002409616,0,5717,544,616,0.00372542499917472
57,cadical153,544,11,5.1116246510000565,75450,129609,19,17763,0.0015376609999293578,0,5762,0,620,0.00481016699995962
57,lingeling,544,11,18.920460463999916,73899,106513,3,11417,0.0030744050000066636,4988,5046,0,533,0.00901511899974139
58,minisat22,545,12,1.8401762260000396,27028,36897,22,4188,0.001264868999896862,0,5725,545,632,0.0030709430002389126
58,glucose41,545,12,4.295157625999309,54782,85610,17,11338,0.0013656640003318898,0,5725,545,632,0.004386397000416764
58,cadical153,545,12,5.919249362999835,71947,124703,101,16787,0.0016137860002345406,0,5765,0,631,0.003681363999930909
58,lingeling,545,12,42.558549141000185,175588,259632,1,24449,0.00735899299979792,4938,5002,0,539,0.007848564000596525
59,minisat22,547,11,1.8619534600002225,32150,43190,25,4721,0.0017221929992956575,0,5742,547,621,0.0030970389998401515
59,glucose41,547,11,5.364533326999663,64764,100806,23,13402,0.001841334999880928,0,5742,547,621,0.0034571440000945586
59,cadical153,547,11,5.096520715999759,77740,135182,23,18326,0.0012244829995324835,0,5764,0,622,0.004910354000458028
59,lingeling,547,11,31.782985340999403,126280,190001,1,19325,0.00367578199984564,4997,5031,0,542,0.008961596000517602
60,minisat22,547,12,2.0375533269998414,29664,40743,25,4740,0.0013854679991709418,0,5786,547,611,0.003193534000274667
60,glucose41,547,12,7.400554447999639,77690,119452,26,15179,0.0013491230001818622,0,5786,547,611,0.005666542999279045
60,cadical153,547,12,5.475397445999988,74341,131530,37,18486,0.000794838999354397,0,5799,0,615,0.005150902999957907
60,lingeling,547,12,43.270336952000434,163403,250352,1,24783,0.0038725300000805873,5013,5079,0,538,0.006849454999610316
61,minisat22,544,12,2.086879190000218,32762,44512,27,4996,0.0021110810002937797,0,5746,544,610,0.002871618999961356
61,glucose41,544,12,4.639268281000113,60080,91326,18,11707,0.002259178000713291,0,5746,544,610,0.003972479999902134
61,cadical153,544,12,6.208996909000234,76356,140234,67,20229,0.0012901170002805884,0,5775,0,614,0.0043046410000897595
61,lingeling,544,12,17.8135275300001,68193,101988,6,11232,0.00627162899945688,5024,5070,0,539,0.008938497000599455
62,minisat22,544,12,2.1263873179996153,33967,44607,26,4842,0.0013548629995057127,0,5727,544,609,0.0033908289997270913
62,glucose41,544,12,5.72252767000009,61928,93761,18,12697,0.0015182170000116457,0,5727,544,609,0.006470305000220833
62,cadical153,544,12,6.3311197049997645,78653,137781,97,18885,0.0012266419998923084,0,5759,0,607,0.005004596999242494
62,lingeling,544,12,42.36990328899992,175246,256862,1,24655,0.004629867999938142,5019,5069,0,544,0.008823344000120414
63,minisat22,546,12,1.5743822520007598,29928,40819,25,4762,0.0013212009998824215,0,5773,546,642,0.002930636000201048
63,glucose41,546,12,5.565348736000487,71946,114420,14,15886,0.001388624000355776,0,5773,546,642,0.0040874629994505085
63,cadical153,546,12,4.173177661999944,53830,90445,42,12376,0.0017894540005727322,0,5820,0,640,0.003175632999955269
63,lingeling,546,12,37.43275663499935,151092,227048,1,22002,0.004424277999532933,4952,5041,0,536,0.007972153999617149
64,minisat22,543,11,1.9546181739997337,33683,44548,25,4805,0.0007544139998572064,0,5805,543,645,0.002871908999622974
64,glucose41,543,11,5.693978135999714,62768,100039,19,13265,0.0008753110005272902,0,5805,543,645,0.0042498459997659666
64,cadical153,543,11,13.935722949000592,88376,276581,62,22406,0.001041436000377871,0,5816,0,644,0.0043193490000703605
64,lingeling,543,11,37.857310342000346,160453,235843,1,22670,0.0074157380004180595,4994,5038,0,542,0.008691517999977805
65,minisat22,545,11,1.5842763739992733,28746,40501,27,4939,0.000456300000223564,0,5769,545,619,0.0028713909996440634
65,glucose41,545,11,7.901166806000219,88709,143294,19,19079,0.0005430970004454139,0,5769,545,619,0.0050384999995003454
65,cadical153,545,11,5.686093923999579,70586,126331,31,17909,0.000885174999893934,0,5767,0,617,0.004806050999832223
65,lingeling,545,11,25.859184072000062,105796,158358,2,16742,0.0037460209996424965,4998,5052,0,538,0.007899909000116168
66,minisat22,542,12,1.9052970470002037,32293,43573,25,4793,0.003068334999625222,0,5832,542,635,0.003326004999507859
66,glucose41,542,12,7.7133834639998895,90532,150235,13,20701,0.003288789999714936,0,5832,542,635,0.006273577000683872
66,cadical153,542,12,10.123951750999368,88399,257864,48,21605,0.0024671569999554777,0,5871,0,638,0.004200837999633222
66,lingeling,542,12,25.827054801000486,93407,142637,2,15710,0.0066341840001769015,5020,5067,0,539,0.00849043200014421
67,minisat22,545,12,1.655362953999429,30602,42861,28,5133,0.0013692590000573546,0,5797,545,640,0.003202082999450795
67,glucose41,545,12,5.0748932289998265,59273,90380,22,11651,0.0014881560000503669,0,5797,545,640,0.004053964999911841
67,cadical153,545,12,5.935186688000613,78800,138972,38,18493,0.001960092999979679,0,5838,0,646,0.004078994000337843
67,lingeling,545,12,38.79422841199994,160436,240881,1,23138,0.006245545000638231,4968,5024,0,539,0.008371977000024344
68,minisat22,547,11,1.059339680999983,22569,29139,15,3016,0.000981572000455344,0,5582,547,663,0.0023787230002199067
68,glucose41,547,11,3.2348834909998914,54840,88216,15,12240,0.0010485040002095047,0,5582,547,663,0.004112546000214934
68,cadical153,547,11,2.610237072000018,39564,63559,44,8294,0.0008227149992308114,0,5626,0,659,0.0025741259996721055
68,lingeling,547,11,23.81697685800009,100114,148583,1,15086,0.0035065309994024574,4744,4817,0,545,0.008718602999579161
69,minisat22,546,11,2.081996136000271,33045,43068,24,4591,0.0021318769995559705,0,5764,546,620,0.003184959999998682
69,glucose41,546,11,6.189653085000828,66722,104104,23,13559,0.002294991999406193,0,5764,546,620,0.004059369000060542
69,cadical153,546,11,11.695005284999752,91987,259817,92,22044,0.002392730999417836,0,5811,0,621,0.0031330190004155156
69,lingeling,546,11,35.2373890559993,135634,199705,1,19569,0.006671271000413981,5006,5070,0,543,0.00984646500000963
70,minisat22,543,12,1.6152786559996457,30930,42020,26,4874,0.0007591399999000714,0,5769,543,639,0.002931762000116578
70,glucose41,543,12,3.98855104499944,52998,77055,17,9951,0.000812347000646696,0,5769,543,639,0.004009537999991153
70,cadical153,543,12,5.895386130000588,77148,133442,32,18314,0.001376441000502382,0,5778,0,634,0.004302570000618289
70,lingeling,543,12,38.54748170699986,158240,235921,2,22831,0.004767888999595016,4917,4983,0,531,0.010071867000078782
71,minisat22,546,12,1.8396847300000445,29391,40102,25,4737,0.0023032729995975387,0,5820,546,633,0.003253908999795385
71,glucose41,546,12,6.270604886000001,76596,122345,18,16800,0.0024617850003778585,0,5820,546,633,0.004405086000588199
71,cadical153,546,12,6.512318230999881,82194,142799,65,20314,0.0015718439999545808,0,5853,0,633,0.0034257759998581605
71,lingeling,546,12,21.911731432000124,83718,125071,5,13916,0.00601002400071593,5016,5084,0,543,0.010101872000632284
72,minisat22,545,11,1.489210501999878,28989,37906,22,4149,0.0009601050005585421,0,5653,545,616,0.0025932649996320833
72,glucose41,545,11,8.34933826499946,104551,170403,19,22846,0.0010825380004462204,0,5653,545,616,0.0036200240001562634
72,cadical153,545,11,4.619043443999544,65463,114205,30,15900,0.0010679030001483625,0,5679,0,617,0.012346804999651795
72,lingeling,545,11,34.42741383700013,147239,215010,1,20606,0.006249489999390789,4956,5002,0,544,0.008046055000704655
73,minisat22,546,12,0.6267916569995577,19597,25684,15,2756,0.00028185599967400776,0,5508,546,624,0.0020213090001561795
73,glucose41,546,12,2.6157116270005645,46802,74392,17,10261,0.00034771300033753505,0,5508,546,624,0.003018343000803725
73,cadical153,546,12,2.734482702000605,47669,87861,15,12778,0.00044883900045533665,0,5532,0,614,0.0030980499996076105
73,lingeling,546,12,22.417046751999806,103637,155433,1,15116,0.0022111660000518896,4672,4742,0,532,0.006245814999601862
74,minisat22,546,12,1.8454858489994876,29499,39833,23,4483,0.002510170000277867,0,5808,546,613,0.003071676999752526
74,glucose41,546,12,5.756293557999925,61545,95397,26,12636,0.0027578469998843502,0,5808,546,613,0.0055740380003044265
74,cadical153,546,12,3.6055926619992533,38448,57119,54,6993,0.0017038559999491554,0,5812,0,606,0.003198199000507884
74,lingeling,546,12,46.87684704900039,175223,267145,2,26527,0.004228331999911461,5031,5090,0,540,0.00790525400043407
75,minisat22,542,11,1.787652739000805,31626,41636,24,4563,0.002384611000707082,0,5701,542,612,0.003074448999541346
75,glucose41,542,11,5.02539622400036,55364,84901,19,11209,0.0025963199996112962,0,5701,542,612,0.005176869000024453
75,cadical153,542,11,6.0171747940003115,84280,145946,28,19933,0.002432498000416672,0,5750,0,615,0.005055261000052269
75,lingeling,542,11,36.19089566399998,149161,217545,1,20807,0.004150671999013866,4961,5016,0,530,0.008612567000454874
76,minisat22,545,12,1.8725267659992824,29143,39036,23,4468,0.000960450001002755,0,5694,545,583,0.0031883079991530394
76,glucose41,545,12,4.999781487000291,68763,106630,11,14645,0.0010985110002366127,0,5694,545,583,0.003984959999797866
76,cadical153,545,12,3.7241900430017267,54991,92372,26,12732,0.0010459069999342319,0,5718,0,584,0.00433891099964967
76,lingeling,545,12,38.39639364300092,152330,223639,1,21309,0.0013284939996083267,5008,5050,0,536,0.008839467000143486
77,minisat22,546,11,1.7399194149984396,28344,39071,23,4474,0.0010720509999373462,0,5803,546,622,0.0030887339999026153
77,glucose41,546,11,7.86955233000117,95635,163758,18,22721,0.0011819280007330235,0,5803,546,622,0.004006769999250537
77,cadical153,546,11,3.7427829609987384,34726,55155,73,7449,0.00039078400004655123,0,5817,0,619,0.003410625000469736
77,lingeling,546,11,35.684155529001146,135117,205505,1,21328,0.001795518999642809,4994,5059,0,541,0.008285567000712035
78,minisat22,543,12,1.591013450999526,28451,37024,21,3858,0.0013540959989768453,0,5811,543,678,0.002784296999379876
78,glucose41,543,12,4.293682260999049,49799,73383,24,9482,0.0014774089995626127,0,5811,543,678,0.003903697001078399
78,cadical153,543,12,4.699545494999256,63441,107884,76,14596,0.0015087530009623151,0,5870,0,684,0.00559598499967251
78,lingeling,543,12,17.128157487999488,70824,102389,2,10901,0.005308100999172893,4883,4960,0,535,0.007945658000608091
79,minisat22,548,12,2.0868195569983072,31865,42721,25,4738,0.0027617220002866816,0,5811,548,629,0.0031485829986195313
79,glucose41,548,12,5.351287379000496,64092,92681,20,12019,0.0029222419998404803,0,5811,548,629,0.004237807001118199
79,cadical153,548,12,4.775606777000576,73278,123339,19,16530,0.0025702279999677557,0,5843,0,631,0.0034314220010855934
79,lingeling,548,12,38.434593370000584,151860,225282,1,22330,0.00597205399935774,5061,5103,0,545,0.00919977299963648
80,minisat22,542,12,1.7039158010011306,31927,43798,29,5320,0.0018505320003896486,0,5793,542,656,0.002994344999024179
80,glucose41,542,12,5.603314546999172,58440,85348,23,10832,0.002409976999842911,0,5793,542,656,0.005035015999965253
80,cadical153,542,12,6.17528621999918,79890,139093,23,20143,0.003200384999217931,0,5856,0,665,0.003838603999611223
80,lingeling,542,12,26.2126830670004,98552,150269,2,16969,0.0035719759998755762,4981,5049,0,541,0.0086847550010134
81,minisat22,544,12,1.1037733649991424,27591,36961,22,4130,0.001479553000535816,0,5439,544,635,0.0021745780013588956
81,glucose41,544,12,3.0910728039998503,42932,73999,11,10599,0.001568568999573472,0,5439,544,635,0.003988761000073282
81,cadical153,544,12,3.2333742110004096,50877,93729,17,13364,0.00026738099950307515,0,5457,0,636,0.002410469000096782
81,lingeling,544,12,12.818982658000095,57856,87102,4,10092,0.003330073999677552,4673,4734,0,537,0.00590963099966757
82,minisat22,546,11,1.5894541649995517,30499,41376,24,4534,0.0014907610002410365,0,5636,546,588,0.002687723999770242
82,glucose41,546,11,5.1946056010001485,66915,105293,19,13879,0.0016010079998522997,0,5636,546,588,0.004135320999921532
82,cadical153,546,11,4.286084529998334,63624,107661,28,14303,0.0021781779996672412,0,5671,0,596,0.009340238000731915
82,lingeling,546,11,36.06555214599939,156415,229898,1,21325,0.00873979199968744,4958,4983,0,541,0.007845792000807705
83,minisat22,545,12,1.8865543979991344,27813,37462,22,4342,0.001266082001166069,0,5850,545,648,0.002919602000474697
83,glucose41,545,12,4.790149639999072,56325,82371,19,10645,0.001402717000019038,0,5850,545,648,0.004517003999353619
83,cadical153,545,12,5.431917851001344,75723,132913,26,18514,0.001626203000341775,0,5884,0,650,0.004759248999107513
83,lingeling,545,12,33.427182659999744,131579,195137,1,19448,0.003926450999642839,5036,5083,0,541,0.009493873001702013
84,minisat22,548,11,1.6050941989997227,27298,37595,23,4433,0.002107147998685832,0,5733,548,628,0.002945648000604706
84,glucose41,548,11,3.9186794229990483,46318,70520,14,9790,0.0022510420003527543,0,5733,548,628,0.004854447000980144
84,cadical153,548,11,5.340345726999658,72710,127372,33,18129,0.0021509729995159432,0,5756,0,631,0.0033243409998249263
84,lingeling,548,11,36.77481076699951,150040,225254,1,22324,0.005885946000489639,5009,5061,0,544,0.007344395000473014
85,minisat22,543,13,1.8044468320003944,32460,42785,23,4463,0.002256825999211287,0,5710,543,618,0.0029139620000933064
85,glucose41,543,13,5.083079197000188,63192,100116,16,13834,0.0024369559996557655,0,5710,543,618,0.0055810070007282775
85,cadical153,543,13,9.705575054000292,80409,244797,27,21510,0.002648854000653955,0,5743,0,619,0.003807543000220903
85,lingeling,543,13,21.889453744999628,83291,124585,2,13653,0.009029528999235481,4977,5005,0,540,0.010579463998510619
86,minisat22,546,12,2.2187263920004625,33397,43459,25,4647,0.0018128580013581086,0,5883,546,660,0.0030146700009936467
86,glucose41,546,12,4.921970751000117,59896,92602,16,12227,0.001977021000129753,0,5883,546,660,0.004660202999730245
86,cadical153,546,12,5.252802402999805,69489,121181,35,16897,0.003387000000657281,0,5950,0,665,0.0038718160012649605
86,lingeling,546,12,41.65914707000047,162972,248666,1,25131,0.008933352000894956,5016,5082,0,541,0.008530759001587285
87,minisat22,547,11,1.1654045830000541,24699,33073,18,3567,0.0028639339998335345,0,5592,547,631,0.00199981199875765
87,glucose41,547,11,3.367744721001145,57221,92122,12,12590,0.0029801830005453667,0,5592,547,631,0.003386811000382295
87,cadical153,547,11,3.237951824999982,54343,90955,46,11918,0.0014774689989280887,0,5624,0,634,0.0030829609986540163
87,lingeling,547,11,21.76641173799908,97528,146249,1,14691,0.00576827199984109,4784,4832,0,540,0.01885737700104073
88,minisat22,541,12,1.4092277330000798,27579,36922,22,4224,0.0007169660002546152,0,5739,541,645,0.0033081779984058812
88,glucose41,541,12,5.96760054600054,68987,102065,24,12609,0.0007557769986306084,0,5739,541,645,0.003840990999378846
88,cadical153,541,12,5.334122735999699,71549,124867,40,17274,0.0008729119999770774,0,5791,0,644,0.004257057000359055
88,lingeling,541,12,35.11852164700031,148815,215333,1,20367,0.004017405999547918,4852,4940,0,529,0.03633767899918894
89,minisat22,548,11,1.6945730389998062,28011,37936,23,4449,0.002226446998975007,0,5846,548,641,0.0030464319988823263
89,glucose41,548,11,7.308315666999988,80214,126144,25,16986,0.002355472999624908,0,5846,548,641,0.004183909999483149
89,cadical153,548,11,5.630164637001144,75624,135030,101,19197,0.0025431329995626584,0,5900,0,643,0.0046732280006835936
89,lingeling,548,11,22.304313148999427,81540,122366,2,13190,0.008286272999612265,5035,5106,0,544,0.008111267999993288
90,minisat22,543,12,1.4647884639998665,25755,34600,21,3960,0.001547215999380569,0,5833,543,627,0.0028273540010559373
90,glucose41,543,12,4.984747541999241,57381,88223,21,12156,0.0016811290006444324,0,5833,543,627,0.0036649520006903913
90,cadical153,543,12,5.491243175998534,63890,112939,30,15756,0.0005152909998287214,0,5841,0,626,0.004424140000992338
90,lingeling,543,12,42.3865056700015,165244,252007,2,24393,0.005121702000906225,4910,4986,0,524,0.01516560100026254
91,minisat22,542,12,1.7196108759999333,31777,41689,22,4389,0.004298833999200724,0,5721,542,606,0.002933787000074517
91,glucose41,542,12,7.436887288000435,75878,120113,17,15967,0.003938873000151943,0,5721,542,606,0.006062012998881983
91,cadical153,542,12,3.7780142949995934,48832,84554,26,11885,0.0031396780013892567,0,5737,0,606,0.0034621989998413483
91,lingeling,542,12,39.751439687999664,157978,240718,1,24062,0.011507607001476572,4989,5032,0,534,0.007610788001329638
92,minisat22,544,11,1.3092445649999718,28758,37383,21,3967,0.0013555820005421992,0,5700,544,607,0.0028672909993474605
92,glucose41,544,11,5.851610689000154,64386,104201,19,14184,0.0015453680007340154,0,5700,544,607,0.003959278999900562
92,cadical153,544,11,5.630470555999636,73795,128909,45,18263,0.001528131000668509,0,5733,0,607,0.004403662998811342
92,lingeling,544,11,37.51959813099893,144902,215978,1,21296,0.007002700000157347,4981,5023,0,539,0.00998654499926488
93,minisat22,548,12,1.147362402998624,22386,30017,18,3493,0.0009181330005958444,0,5613,548,596,0.0027099970011477126
93,glucose41,548,12,4.726347439000165,62742,99255,18,13288,0.000977457999397302,0,5613,548,596,0.0031922960006340872
93,cadical153,548,12,5.029189935001341,82902,145333,36,20053,0.0015721210002084263,0,5641,0,597,0.0033054650011763442
93,lingeling,548,12,14.186855644999014,59311,86875,4,9886,0.00412028100072348,4903,4946,0,541,0.007657050000489107
94,minisat22,544,12,1.7591059039987158,31572,43564,28,5213,0.0013333349997992627,0,5778,544,626,0.002900942001360818
94,glucose41,544,12,5.929307143000187,70161,113203,17,15666,0.0014372330006153788,0,5778,544,626,0.0039515469998150365
94,cadical153,544,12,13.940716032000637,89349,289948,31,24611,0.0014143919997877674,0,5825,0,629,0.004706739999164711
94,lingeling,544,12,21.780821615000605,86103,128881,2,14426,0.004875669999819365,4989,5044,0,539,0.008194676998755313
95,minisat22,545,12,1.825471996999113,32429,42479,23,4529,0.0012961729989910964,0,5798,545,658,0.003225190999728511
95,glucose41,545,12,4.414578560001246,53305,77665,17,10044,0.001418871999703697,0,5798,545,658,0.005700161998902331
95,cadical153,545,12,3.873587630001566,55203,91693,18,12633,0.0006699479999952018,0,5844,0,647,0.0037727700000687037
95,lingeling,545,12,40.03319072100021,164073,241956,1,23033,0.002906830999563681,4969,5040,0,535,0.010081458998683956
96,minisat22,545,12,1.8425644290000491,30152,40808,25,4727,0.003190191999237868,0,5726,545,622,0.00263596900003904
96,glucose41,545,12,4.796435714000836,58014,86689,23,11173,0.00335337599972263,0,5726,545,622,0.003434071999436128
96,cadical153,545,12,3.5367175040009897,44954,71906,34,9396,0.0011670569983834866,0,5735,0,616,0.0038763369993830565
96,lingeling,545,12,16.827808856000047,66479,97162,2,10671,0.0034976959996129153,4923,4994,0,537,0.00863445999857504
97,minisat22,544,12,1.9953261760001624,32110,42485,25,4719,0.0009405829987372272,0,5768,544,626,0.0028698290007014293
97,glucose41,544,12,4.259599371998775,52639,76404,18,9922,0.0009929079988069134,0,5768,544,626,0.004302232000554795
97,cadical153,544,12,6.418580354000369,77966,133985,72,18526,0.0023197509999590693,0,5798,0,628,0.004432352001458639
97,lingeling,544,12,35.729177213001094,143486,211109,1,20669,0.011038485999961267,4986,5062,0,537,0.008691064000231563
98,minisat22,545,12,1.5841114430004382,31666,42705,25,4794,0.0036924359992553946,0,5775,545,627,0.002785201999358833
98,glucose41,545,12,4.085540558000503,46022,66387,14,8433,0.00373743199997989,0,5775,545,627,0.005623479000860243
98,cadical153,545,12,4.965758329999517,64783,113164,25,15523,0.004982979999113013,0,5806,0,623,0.005488455999511643
98,lingeling,545,12,13.076936208000916,49027,71030,4,8240,0.011112935000710422,4997,5053,0,541,0.0086880229991948
99,minisat22,547,12,2.080872181999439,30043,39398,22,4172,0.0002593630015326198,0,5819,547,633,0.0030291750008473173
99,glucose41,547,12,5.747028940999371,62811,90931,28,11299,0.0002903679996961728,0,5819,547,633,0.004306443001041771
99,cadical153,547,12,4.49798781500067,69688,121971,68,17010,0.00015787300071679056,0,5843,0,631,0.004547939000985934
99,lingeling,547,12,41.95067900899994,169499,252325,1,24627,0.00380903500081331,5044,5098,0,547,0.008803033000731375
100,minisat22,545,12,1.438059127998713,30619,41214,24,4618,0.0011861759994644672,0,5706,545,618,0.0026241260002279887
100,glucose41,545,12,5.651244078999298,64333,100904,20,13427,0.00125384400053008,0,5706,545,618,0.004842989999815472
100,cadical153,545,12,10.537215855998511,85044,252138,30,21143,0.002007649000006495,0,5749,0,619,0.005877068000700092
100,lingeling,545,12,37.55083151799954,142441,219325,1,22435,0.005893665000257897,4971,5054,0,537,0.00883704999978363
101,minisat22,546,13,1.7020627969995985,31250,40623,22,4356,0.0011233839995838935,0,5711,546,604,0.00296619499931694
101,glucose41,546,13,5.414739051000652,70295,106387,16,13702,0.0012264880006114254,0,5711,546,604,0.003863791998810484
101,cadical153,546,13,5.543327733999831,76813,136822,21,19331,0.0013358840005821548,0,5754,0,599,0.004699468998296652
101,lingeling,546,13,22.347011853000367,83382,124344,2,13670,0.0064855630007514264,4979,5029,0,528,0.007517630001530051
102,minisat22,544,11,0.6437298830005602,16797,22262,15,2526,0.0006714539995300584,0,5553,544,680,0.0018781890012178337
102,glucose41,544,11,2.4774649970004248,47077,79156,9,11254,0.0006960020000406075,0,5553,544,680,0.0031009930007712683
102,cadical153,544,11,3.303318318001402,53041,92657,47,12967,0.0005760019994340837,0,5618,0,679,0.0021790119990328094
102,lingeling,544,11,11.378485576000458,50169,75424,3,8893,0.002514342000722536,4683,4759,0,536,0.006024406000506133
103,minisat22,546,11,1.5978395829988585,27559,36353,21,3884,0.001892861999294837,0,5728,546,623,0.0027956510002695723
103,glucose41,546,11,4.004824245001146,51452,74364,20,9082,0.002023257000473677,0,5728,546,623,0.006917333001183579
103,cadical153,546,11,5.554467410000143,78633,138874,18,19277,0.003168518000165932,0,5735,0,621,0.003987072001109482
103,lingeling,546,11,32.95040020699889,138065,204275,1,20054,0.00821907200042915,4965,5026,0,540,0.009202265999192605
104,minisat22,545,11,1.8456809939998493,29182,39734,24,4590,0.0014587260011467151,0,5814,545,642,0.0028586890002770815
104,glucose41,545,11,4.628775911000048,54145,79847,19,10268,0.001612318999832496,0,5814,545,642,0.004096556000149576
104,cadical153,545,11,20.460202493000907,98290,300976,98,25253,0.00162233099945297,0,5859,0,641,0.003979103999881772
104,lingeling,545,11,40.00303494900072,162299,245833,1,24708,0.00558770700081368,4987,5049,0,536,0.008015568000701023
105,minisat22,546,12,1.7573840530003508,31274,42451,28,5029,0.0015151419993344462,0,5735,546,610,0.0029559600006905384
105,glucose41,546,12,5.946953298000153,64977,105290,13,14475,0.0016072070011432515,0,5735,546,610,0.0038969510005699703
105,cadical153,546,12,11.827013049000016,81637,252530,23,22024,0.0022535360003530513,0,5775,0,613,0.005843214999913471
105,lingeling,546,12,26.04632551299983,99767,147708,2,15747,0.005828397999721346,4973,5032,0,529,0.012120903998948052
106,minisat22,546,12,1.8516316679997544,28653,37827,22,4147,0.0015606489996571327,0,5696,546,610,0.0027155930001754314
106,glucose41,546,12,4.926825790000294,56294,82891,23,10575,0.001642192999497638,0,5696,546,610,0.005049317000157316
106,cadical153,546,12,4.1707206910014065,50200,81918,44,10852,0.0015170959995884914,0,5743,0,614,0.00412742799926491
106,lingeling,546,12,20.541824554000414,78879,118188,3,13365,0.00821899999937159,4991,5060,0,544,0.008262175999334431
107,minisat22,543,12,1.9191720920007356,32985,44316,27,4982,0.002164744000765495,0,5693,543,603,0.0029973079999763286
107,glucose41,543,12,5.536275068998293,61808,95039,21,13056,0.0024352780001208885,0,5693,543,603,0.006126759000835591
107,cadical153,543,12,4.383595625000453,67366,119292,24,16826,0.0028517460013972595,0,5708,0,600,0.004663160001655342
107,lingeling,543,12,20.8440859479997,80434,119645,2,13476,0.011417007999625639,4984,5026,0,536,0.009614010999939637
108,minisat22,547,12,1.8595608380001067,29746,39599,22,4340,0.001235747000464471,0,5753,547,591,0.002762472999165766
108,glucose41,547,12,5.468120851001004,60584,87950,23,10479,0.001359464999040938,0,5753,547,591,0.00467623700023978
108,cadical153,547,12,4.473976979999861,54140,86679,58,11044,0.001142426999649615,0,5776,0,594,0.003517971999826841
108,lingeling,547,12,38.59759352299989,149853,227385,1,23216,0.005467126999064931,5047,5086,0,537,0.007961911000165856
109,minisat22,548,12,0.8848559899997781,24088,31998,18,3510,0.0014783960014028708,0,5442,548,574,0.0021170060008444125
109,glucose41,548,12,2.504022229999464,47035,74245,14,10053,0.0016171770002983976,0,5442,548,574,0.003239536001274246
109,cadical153,548,12,3.0041943209998863,51705,85509,31,11252,0.0010285200005455408,0,5488,0,576,0.0027461459994810866
109,lingeling,548,12,10.62585854200006,55634,83174,2,9297,0.005124022000018158,4760,4794,0,522,0.0058893620007438585
110,minisat22,547,11,1.6450957510005537,30677,41680,25,4713,0.0017465630007791333,0,5711,547,610,0.0027875549985765247
110,glucose41,547,11,3.7590824680009973,43981,63680,18,8076,0.0018249460008519236,0,5711,547,610,0.003881403999912436
110,cadical153,547,11,4.946138162000352,74392,131358,41,18328,0.001583928000400192,0,5707,0,610,0.003481834999547573
110,lingeling,547,11,35.48540369700095,134919,207483,1,22088,0.005726064000555198,4973,5025,0,539,0.007918205999885686
111,minisat22,546,12,1.5497712470005354,27934,37203,22,4238,0.0011058660002163379,0,5693,546,633,0.002748267999777454
111,glucose41,546,12,5.231263202000264,57742,88696,22,11726,0.0011936659993807552,0,5693,546,633,0.0032665380003891187
111,cadical153,546,12,5.499766060998809,76333,134302,25,18783,0.0006963970008655451,0,5729,0,637,0.0039589829993929015
111,lingeling,546,12,33.426502147000065,137689,202918,1,19847,0.0017348229994240683,4965,5016,0,544,0.008121148999634897
112,minisat22,543,12,1.9681356889996096,31408,41931,23,4472,0.0009484219990554266,0,5826,543,647,0.0028086579986847937
112,glucose41,543,12,4.796998798999994,57164,87021,23,11131,0.001041077999616391,0,5826,543,647,0.003970742000092287
112,cadical153,543,12,5.715826048000963,74129,126718,28,17210,0.0011779920005210442,0,5883,0,653,0.004182938000667491
112,lingeling,543,12,84.1434629330015,360329,512500,0,39740,0.0032606599997961894,4958,5020,0,539,0.007860129999244236
113,minisat22,543,11,1.9824176820002322,29933,39801,22,4301,0.003101935999438865,0,5743,543,600,0.0027351879998605
113,glucose41,543,11,5.398688256000241,74512,122971,10,17567,0.003205950000847224,0,5743,543,600,0.004668153000238817
113,cadical153,543,11,5.215541176999977,74488,128107,47,17506,0.00160347500059288,0,5733,0,598,0.005604337999102427
113,lingeling,543,11,19.910633273000713,77120,113430,2,12288,0.004834073999518296,4967,5004,0,531,0.008606213999883039
114,minisat22,546,13,1.698960988998806,30472,41043,25,4646,0.0013972630003991071,0,5793,546,624,0.0029826400004822062
114,glucose41,546,13,5.926397950001046,62212,94333,30,12050,0.0014830689997324953,0,5793,546,624,0.004057668000314152
114,cadical153,546,13,5.345205481000448,63199,109206,22,15025,0.0026711280006566085,0,5857,0,633,0.004059883998706937
114,lingeling,546,13,37.45111340400035,147730,219819,2,21459,0.004632800999388564,5003,5067,0,537,0.008605945000454085
115,minisat22,541,12,1.6283666830004222,26745,36127,22,4133,0.0009595869996701367,0,5692,541,624,0.0025545070002408465
115,glucose41,541,12,5.440405724999437,57152,85821,21,11345,0.001019860999804223,0,5692,541,624,0.0048334949988202425
115,cadical153,541,12,3.8705568660006975,52192,91168,41,12785,0.001033108999763499,0,5734,0,629,0.002884423998693819
115,lingeling,541,12,28.92836689000069,109721,167954,2,17529,0.004459256999325589,4917,4956,0,530,0.007268649000252481
116,minisat22,545,12,1.30740917500043,26109,35454,22,4144,0.0017141870011982974,0,5766,545,605,0.0027802500007965136
116,glucose41,545,12,4.428470930000913,58243,90247,16,11876,0.001818810998884146,0,5766,545,605,0.004805855000086012
116,cadical153,545,12,4.529990909999469,65546,109987,66,14648,0.0032895990007091314,0,5698,0,597,0.004022152999823447
116,lingeling,545,12,19.906301218001317,83453,120249,3,12069,0.010085175999847706,4921,4990,0,540,0.0067255359990667785
117,minisat22,546,12,1.5494021710001107,27985,36866,22,4041,0.0016535180002392735,0,5599,546,602,0.0030193440015864326
117,glucose41,546,12,3.7157445850007207,56423,86262,12,11544,0.0018351790004089708,0,5599,546,602,0.004106217998923967
117,cadical153,546,12,3.5870077569998102,55577,91908,39,12316,0.001869372999863117,0,5623,0,601,0.0060429839995777
117,lingeling,546,12,29.79065591899962,130829,192327,1,19188,0.006233759000679129,4892,4949,0,543,0.007359273999099969
118,minisat22,546,11,1.6597818249992997,27597,36229,21,3885,0.0010299330006091623,0,5763,546,623,0.0029800760003126925
118,glucose41,546,11,4.281348149999758,53354,77100,19,10075,0.0011355549995641923,0,5763,546,623,0.006312429999525193
118,cadical153,546,11,8.566823230999944,91092,256868,48,21263,0.0016388109997933498,0,5829,0,632,0.0040342590000364
118,lingeling,546,11,24.616350848000366,98536,147571,2,15888,0.00741722199927608,4995,5039,0,545,0.009399182001288864
119,minisat22,545,11,1.5969892580014857,27715,36814,22,4161,0.0007578400000056718,0,5844,545,676,0.0033928529992408585
119,glucose41,545,11,6.94524654199995,86285,137246,26,18864,0.0007954200009407941,0,5844,545,676,0.004594975000145496
119,cadical153,545,11,5.427526557999954,60776,110542,27,15610,0.0013131259984220378,0,5890,0,675,0.003668749001008109
119,lingeling,545,11,18.142589230999874,68825,101572,3,11440,0.0073757629997999175,4962,5029,0,540,0.009175160001177574
120,minisat22,543,12,1.5930947910001123,30259,39332,22,4223,0.0014429499988182215,0,5691,543,603,0.002909148999606259
120,glucose41,543,12,5.164442573999622,65807,98746,19,12476,0.0015511740002693841,0,5691,543,603,0.005743048999647726
120,cadical153,543,12,3.86592317800023,60731,100918,20,13641,0.0011812530010502087,0,5715,0,600,0.004163310999501846
120,lingeling,543,12,39.07732625300014,158073,235405,1,23228,0.005674517999068485,4982,5023,0,538,0.008987537999928463
121,minisat22,543,13,1.4711150319999433,27733,37222,22,4089,0.0010739400004240451,0,5680,543,592,0.0031602010003553005
121,glucose41,543,13,3.5675503619986557,46778,69556,11,9120,0.0011630949993559625,0,5680,543,592,0.003711109999130713
121,cadical153,543,13,5.968780752000384,78104,134850,45,18252,0.0017410150012437953,0,5711,0,594,0.0038150829986989265
121,lingeling,543,13,29.67009012499875,116252,175211,1,17813,0.005901874001210672,4948,4992,0,533,0.007863759001338622
122,minisat22,544,12,1.9417136040010519,31123,40962,22,4379,0.000881066000147257,0,5792,544,626,0.002990699000292807
122,glucose41,544,12,5.031942651999998,56853,83539,18,10171,0.0009269419988413574,0,5792,544,626,0.004933579999487847
122,cadical153,544,12,5.487104146999627,77498,141664,44,20441,0.0013686470010725316,0,5837,0,629,0.010823755999808782
122,lingeling,544,12,36.160569744000895,137326,203968,2,20165,0.0058970540012524,5003,5065,0,540,0.007797672000378952
123,minisat22,547,12,1.4559929049992206,27383,35464,19,3649,0.0011429899986978853,0,5756,547,647,0.0027669060000334866
123,glucose41,547,12,5.054510648998985,63669,100362,14,13868,0.0012464170013117837,0,5756,547,647,0.003977417998612509
123,cadical153,547,12,3.6082564369989996,49327,80484,56,10219,0.0016818879994389135,0,5753,0,638,0.0034256469989486504
123,lingeling,547,12,34.287677084999814,139387,211759,1,21262,0.006902898001499125,4877,4966,0,536,0.009559039001032943
124,minisat22,541,11,0.8996317540004384,22024,29893,18,3516,0.0007450729990523541,0,5375,541,610,0.001861942999312305
124,glucose41,541,11,3.016360720001103,62204,105714,9,15225,0.0008226049994846107,0,5375,541,610,0.0037650260001100833
124,cadical153,541,11,1.9454265030017268,30425,47416,26,5914,0.0007501589989260538,0,5424,0,612,0.002538512000683113
124,lingeling,541,11,6.865861600001153,34567,48311,4,5374,0.0033095509988925187,4574,4652,0,525,0.006753129000571789
125,minisat22,544,12,1.7487204040007782,31224,39950,22,4151,0.0012297880002734018,0,5653,544,593,0.003006918999744812
125,glucose41,544,12,5.102919479000775,53948,81386,17,10790,0.0012927040006616153,0,5653,544,593,0.005825615999128786
125,cadical153,544,12,8.416728121999768,86722,251777,64,21031,0.000561101000130293,0,5688,0,599,0.0047835969999141525
125,lingeling,544,12,45.45929743000124,181986,269186,1,25946,0.0027011429992853664,4992,5031,0,543,0.009719945999677293
126,minisat22,545,12,1.5078515100012737,27857,36839,22,4090,0.0012300089983909857,0,5807,545,630,0.0030318360004457645
126,glucose41,545,12,6.237090507000175,69750,114383,25,15217,0.0013843220003764145,0,5807,545,630,0.004417471000124351
126,cadical153,545,12,4.46403115099929,53920,84429,40,10516,0.0009042439996846952,0,5821,0,627,0.0038088609999249456
126,lingeling,545,12,35.13752053200005,136464,201261,1,19578,0.0037866150014451705,4984,5036,0,533,0.007372466001470457
127,minisat22,547,12,1.2920593809994898,24037,32401,20,3741,0.0012446430009731557,0,5569,547,604,0.0023329200012085494
127,glucose41,547,12,4.12770279599863,53734,79930,14,10365,0.0012999799982935656,0,5569,547,604,0.003221671999199316
127,cadical153,547,12,3.080207226999846,40453,61097,46,7307,0.0013193009999667993,0,5591,0,602,0.003293236000899924
127,lingeling,547,12,22.671118768999804,97683,145521,1,14578,0.0029257679998409003,4842,4880,0,536,0.008954393999374588
128,minisat22,545,11,1.7299875169992447,28537,38497,22,4394,0.002122933999999077,0,5857,545,659,0.0029226789993117563
128,glucose41,545,11,7.109399148001103,73438,114420,26,15091,0.0022562449994438794,0,5857,545,659,0.007038670999463648
128,cadical153,545,11,5.595188023000446,64647,113434,36,16084,0.0012667620012507541,0,5917,0,661,0.005990072999338736
128,lingeling,545,11,33.69612713099923,132715,197461,1,19868,0.0026811249990714714,4950,5035,0,537,0.010115515999132185
129,minisat22,546,11,1.740284311999858,30679,41208,25,4716,0.0011970169998676283,0,5877,546,639,0.003187869000612409
129,glucose41,546,11,5.799168723999173,62968,90287,23,11352,0.0013643929996760562,0,5877,546,639,0.006792226999095874
129,cadical153,546,11,4.897407832999306,69595,117742,19,16234,0.001322570999036543,0,5902,0,641,0.009098669999730191
129,lingeling,546,11,52.44421192600021,208149,311947,1,29687,0.003994065000370028,5035,5077,0,541,0.008888028000001214
130,minisat22,542,12,1.5191813579986047,29377,39532,22,4401,0.0016648769997118507,0,5661,542,640,0.002481076000549365
130,glucose41,542,12,5.140725516001112,59613,90236,24,11600,0.001762935000442667,0,5661,542,640,0.003515678999974625
130,cadical153,542,12,6.3352921409987175,80619,144017,63,20029,0.0014624930008722004,0,5694,0,637,0.003575347998776124
130,lingeling,542,12,18.801085188999423,72889,107921,2,11629,0.00462516500010679,4878,4940,0,539,0.010550414999670465
131,minisat22,545,12,1.7768364290004683,27976,37342,22,4226,0.0018023530010395916,0,5712,545,602,0.003092104001552798
131,glucose41,545,12,5.599368299999696,67259,112761,19,15960,0.002308410999830812,0,5712,545,602,0.004902331998891896
131,cadical153,545,12,6.2341420560005645,85337,149027,28,20349,0.0018356259988649981,0,5727,0,601,0.003524816000208375
131,lingeling,545,12,32.32417521200114,134733,197830,2,18949,0.006264980000196374,4954,5007,0,537,0.008116294999126694
132,minisat22,547,12,1.5502107579995936,28396,37260,21,3924,0.002322647000255529,0,5821,547,650,0.0026784300007420825
132,glucose41,547,12,4.7324237800003175,56387,84676,20,10913,0.002587580000181333,0,5821,547,650,0.0034749679998640204
132,cadical153,547,12,5.9812031269993895,80838,145414,63,20201,0.002273975000207429,0,5891,0,654,0.0037866809998376993
132,lingeling,547,12,29.15839976999996,104262,162780,2,17464,0.08907130999978108,4991,5060,0,540,0.008101532999717165
133,minisat22,546,12,2.019847708999805,30875,42448,28,5132,0.0022490800001833122,0,5742,546,634,0.003137653000521823
133,glucose41,546,12,3.9444863550015725,49507,72633,17,9330,0.002503325000361656,0,5742,546,634,0.005746664999605855
133,cadical153,546,12,7.251125360000515,88755,151470,50,20497,0.005422678999821073,0,5779,0,635,0.004351620000306866
133,lingeling,546,12,17.063478689000476,65305,93343,5,10228,0.011886252999829594,5020,5074,0,544,0.007903682999312878
134,minisat22,546,12,1.611919670000134,27140,37947,25,4668,5.162000888958573e-06,0,5760,546,621,0.002845768000042881
134,glucose41,546,12,4.900038132998816,51206,79023,20,10360,7.892000212450512e-06,0,5760,546,621,0.005583920999924885
134,cadical153,546,12,6.117314371000248,79473,142256,57,19952,1.0216999726253562e-05,0,5766,0,615,0.004245448000801844
134,lingeling,546,12,38.32198654199965,150332,230129,1,23212,0.0018240139997942606,4940,4995,0,531,0.010762456999145797
135,minisat22,543,10,0.2353168050012755,15248,20420,14,2329,0.00023640199833607767,0,4984,543,656,0.0005707370000891387
135,glucose41,543,10,0.30387497099945904,18085,31276,1,4912,0.00027196199880563654,0,4984,543,656,0.0008535889992344892
135,cadical153,543,10,0.311506254998676,6749,11853,2,1951,0.00018030800129054114,0,5011,0,651,0.0009473469999647932
135,lingeling,543,10,0.668935624000369,6142,9731,2,1443,0.000910695998754818,4149,4210,0,541,0.0032762529990577605
136,minisat22,545,12,1.8199523169987515,28023,38211,24,4536,0.0012891259993921267,0,5774,545,624,0.003108336000877898
136,glucose41,545,12,4.698621825000373,56872,82398,14,10421,0.0012988850012334296,0,5774,545,624,0.004359435000878875
136,cadical153,545,12,4.230485951000446,53889,83481,50,10142,0.002407155998298549,0,5818,0,628,0.0035827869996865047
136,lingeling,545,12,37.4651819970004,150048,223303,1,21926,0.008548608000637614,5010,5065,0,542,0.00960903600025631
137,minisat22,546,12,1.7215146769995044,31618,42708,27,4925,0.001852329000030295,0,5858,546,654,0.003363094001542777
137,glucose41,546,12,5.991427524999381,65583,99481,22,12802,0.001939213998412015,0,5858,546,654,0.0048525209986109985
137,cadical153,546,12,4.293843654999364,57744,100948,18,14283,0.0023406149994116277,0,5898,0,651,0.004035328998725163
137,lingeling,546,12,36.17308451600002,159633,230187,1,21376,0.00806438099971274,5001,5049,0,539,0.008800662999419728
138,minisat22,545,11,2.05618215100003,34367,45667,28,5137,0.0008266919994639466,0,5819,545,659,0.0029719430003751768
138,glucose41,545,11,4.505863469999895,56180,82928,15,10672,0.0008949229995778296,0,5819,545,659,0.0036908839992975118
138,cadical153,545,11,6.516710398998839,84869,141659,40,19178,0.00157831099932082,0,5865,0,666,0.003656190001493087
138,lingeling,545,11,23.514264383999034,100451,143221,2,14432,0.0016906849996303208,4966,5038,0,541,0.015097768999112304
139,minisat22,540,12,1.7031197129999782,28461,39939,28,5034,0.0011977619997196598,0,5724,540,622,0.0028969989998586243
139,glucose41,540,12,5.340170683000906,66952,103478,18,13785,0.001289171999815153,0,5724,540,622,0.006270095000218134
139,cadical153,540,12,5.308568945998559,85291,156823,44,22309,0.0018973030000779545,0,5748,0,621,0.00880437100022391
139,lingeling,540,12,41.86801674600065,157725,239856,1,24218,0.006574916000317899,4967,5015,0,538,0.008747064000999671
140,minisat22,546,12,1.8792433970011189,31581,42642,25,4677,0.004246589000103995,0,5642,546,573,0.003004362999490695
140,glucose41,546,12,4.447154362998845,60273,91503,16,12331,0.004511395000008633,0,5642,546,573,0.0037660950001736637
140,cadical153,546,12,6.2970151099998475,74489,128364,42,17357,0.0005261559999780729,0,5661,0,571,0.0032451450006192317
140,lingeling,546,12,40.027963344000455,158397,239457,1,23567,0.006041136999556329,5016,5044,0,539,0.010704584999984945
141,minisat22,545,12,1.6900916369995684,27774,38571,24,4565,0.0014664810005342588,0,5775,545,627,0.0026381360003142618
141,glucose41,545,12,4.380051280999396,54605,83097,20,10889,0.001542900999993435,0,5775,545,627,0.003691800000524381
141,cadical153,545,12,4.109791825001594,55681,93585,15,12513,0.0015049169996927958,0,5795,0,628,0.004916736001177924
141,lingeling,545,12,33.09544858300069,136966,202553,1,19808,0.00508130999878631,4959,5023,0,538,0.007548690999101382
142,minisat22,543,12,1.7392856309998024,30041,41127,25,4799,0.0015810730001248885,0,5777,543,624,0.002879470999687328
142,glucose41,543,12,5.749001562000558,59488,88004,26,11127,0.001720840999041684,0,5777,543,624,0.006016494999130373
142,cadical153,543,12,4.821599196999159,71090,122562,12,17269,0.0013382489996729419,0,5805,0,625,0.012287184999877354
142,lingeling,543,12,43.36170536799909,161838,245374,1,24406,0.006692078000924084,4993,5054,0,536,0.009419276000699028
143,minisat22,543,12,1.6971847469994827,31345,42650,26,4903,0.002898404000006849,0,5635,543,582,0.0032649269996909425
143,glucose41,543,12,4.856449255999905,58592,85313,21,10743,0.0029372669996519107,0,5635,543,582,0.006079015000068466
143,cadical153,543,12,20.86474331499994,99409,297548,106,24395,0.0017047310011548689,0,5672,0,583,0.003946451999581768
143,lingeling,543,12,26.316844289000073,106710,158941,2,17241,0.006500419000076363,4980,5028,0,532,0.01047248299983039
144,minisat22,541,12,1.8447299130002648,28712,37098,21,3838,0.0006744349993823562,0,5696,541,624,0.0029870589987694984
144,glucose41,541,12,4.597238931999527,56811,89371,13,12306,0.0007207520011434099,0,5696,541,624,0.005003592999855755
144,cadical153,541,12,5.715188411000781,69693,122830,40,17241,0.0009721899987198412,0,5719,0,620,0.006050064001101418
144,lingeling,541,12,17.5192706859998,66944,99504,3,11329,0.007728213999143918,4942,5002,0,538,0.009146710999630159
145,minisat22,543,11,2.1180493389983894,34043,45038,26,4916,0.0015654730013920926,0,5774,543,611,0.003052774000025238
145,glucose41,543,11,5.398088399999324,57547,79650,22,9213,0.0017148709994216915,0,5774,543,611,0.0037944560008327244
145,cadical153,543,11,5.425171310998849,75183,124432,106,16587,0.0009079510000447044,0,5759,0,602,0.0034076900010404643
145,lingeling,543,11,60.23695545299961,265853,375353,1,32179,0.010847105000721058,5009,5038,0,542,0.008107362000373541
146,minisat22,545,11,1.0393190210015746,23646,30888,16,3278,0.00038572299854422454,0,5515,545,620,0.0022575849998247577
146,glucose41,545,11,2.6500862080010847,47930,75307,11,10210,0.00040865499977371655,0,5515,545,620,0.0032642870010022307
146,cadical153,545,11,2.9266487200002302,40585,65608,23,8514,0.00044180800068716053,0,5558,0,627,0.004607865001162281
146,lingeling,545,11,19.308519921998595,87079,130871,1,13796,0.0014109069998085033,4731,4787,0,534,0.007623653998962254
147,minisat22,542,12,1.8597485620011867,30958,40707,22,4380,0.0009259779999410966,0,5775,542,644,0.0031212390003929613
147,glucose41,542,12,5.03522562499893,53765,76335,28,9229,0.0009968180002033478,0,5775,542,644,0.004291097000532318
147,cadical153,542,12,6.426197011998738,80585,141310,89,19670,0.0005650720013363753,0,5822,0,644,0.003324724999401951
147,lingeling,542,12,37.59848208400035,149531,225380,1,22235,0.0021294859998306492,4973,5023,0,535,0.007865386000048602
148,minisat22,546,12,1.451285093999104,27763,36857,22,4125,0.002344960999835166,0,5656,546,588,0.00260465500105056
148,glucose41,546,12,3.630606851998891,46565,64776,18,7657,0.0025381039995409083,0,5656,546,588,0.0034946840005432023
148,cadical153,546,12,3.5524395129996265,41858,69156,33,9399,0.0026016970005002804,0,5660,0,586,0.004231272001561592
148,lingeling,546,12,15.223984133999693,63822,91310,3,9408,0.008276544998807367,4981,5018,0,539,0.008986917000584072
149,minisat22,544,11,1.9217872299996088,32092,42726,26,4858,0.0015289140010281699,0,5715,544,609,0.003155708000122104
149,glucose41,544,11,3.9878499770002236,50148,72825,20,9280,0.001659240000662976,0,5715,544,609,0.004147337000176776
149,cadical153,544,11,5.684173522000492,85881,143965,70,19061,0.002219326999693294,0,5752,0,607,0.003921211000488256
149,lingeling,544,11,22.138539039000534,88623,129762,2,13809,0.007129941999664879,4951,5019,0,535,0.007724184999460704
150,minisat22,546,12,1.6705412850005814,28123,37900,22,4417,0.0012882659993920242,0,5764,546,612,0.002962196998851141
150,glucose41,546,12,5.30856573499841,63359,96918,21,12761,0.0014205669995135395,0,5764,546,612,0.00586584499978926
150,cadical153,546,12,3.9556431469991367,43614,65220,70,7930,0.00112696100040921,0,5791,0,614,0.003633910999269574
150,lingeling,546,12,27.950602115999573,113165,165724,2,16760,0.00394524600051227,5011,5078,0,541,0.009370977999424213
151,minisat22,545,12,1.5912422909987072,29460,39311,23,4488,0.002106672000081744,0,5970,545,709,0.0034717319995252183
151,glucose41,545,12,4.992192222000085,60143,90240,22,11548,0.0022609169991483213,0,5970,545,709,0.004414758999701007
151,cadical153,545,12,3.7662834519996977,50152,78502,62,9989,0.001086414000383229,0,6044,0,708,0.0042631260002963245
151,lingeling,545,12,19.569310175000282,74861,109721,4,12376,0.009204801001033047,4976,5049,0,537,0.007585254999867175
152,minisat22,543,12,1.6616920119995484,27875,36960,22,4071,0.0014615109994338127,0,5681,543,593,0.0027127119992655935
152,glucose41,543,12,3.315495191000082,46388,65853,14,8147,0.0015963440000632545,0,5681,543,593,0.004204344000754645
152,cadical153,543,12,6.078416342999844,86964,147637,50,19534,0.001325947001532768,0,5704,0,591,0.0047583029991074
152,lingeling,543,12,22.515054466999572,87994,129847,2,14269,0.0070406160011771135,4934,5006,0,527,0.008165518000168959
153,minisat22,545,13,1.9941793349989894,33361,44564,28,5115,0.00031982300060917623,0,5821,545,646,0.0029401290012174286
153,glucose41,545,13,6.446839244001239,74811,119032,18,16396,0.0003553909991751425,0,5821,545,646,0.0037022059987066314
153,cadical153,545,13,5.451456537999547,68305,121969,30,16898,0.0005230779988778522,0,5838,0,648,0.004168397999819717
153,lingeling,545,13,34.99801138799921,139559,206555,2,20179,0.005045029000029899,5007,5057,0,534,0.008444912000413751
154,minisat22,544,12,2.2689395770012197,34493,45548,25,4741,0.0008977030011010356,0,5910,544,668,0.0032775199997558957
154,glucose41,544,12,5.735571712000819,53778,80322,19,10174,0.0009242939995601773,0,5910,544,668,0.0038912720010557678
154,cadical153,544,12,5.1458656060003705,74247,131005,16,18455,0.000699795000400627,0,5956,0,667,0.004313125000408036
154,lingeling,544,12,19.839750175000518,79363,113985,4,11907,0.0024773770001047524,4989,5069,0,540,0.01052594500106352
155,minisat22,546,12,1.4192053789993224,26000,34478,21,3911,0.0004926200017507654,0,5671,546,620,0.002801564000037615
155,glucose41,546,12,4.951585318001889,59380,86852,22,11054,0.0005466459988383576,0,5671,546,620,0.004714685001090402
155,cadical153,546,12,5.2242781660024775,79220,135931,76,18412,0.0007828179986972827,0,5710,0,618,0.0030135069973766804
155,lingeling,546,12,21.58248797000124,91286,133050,2,13365,0.004689679000875913,4866,4939,0,543,0.0072371770002064295
156,minisat22,544,12,1.5420972379979503,30637,40907,24,4540,0.002058637997834012,0,5745,544,615,0.0028515970006992575
156,glucose41,544,12,7.991059165000479,97994,176250,12,24124,0.002226440999947954,0,5745,544,615,0.005698491000657668
156,cadical153,544,12,4.805294834997767,69790,125456,31,17794,0.0018903569980466273,0,5758,0,610,0.004041005002363818
156,lingeling,544,12,13.891833909001434,51767,75659,4,8813,0.005931693001912208,4973,5034,0,533,0.007784540997818112
157,minisat22,544,12,1.8498354949988425,30039,40369,24,4548,0.0007320689983316697,0,5801,544,639,0.0029785719998471905
157,glucose41,544,12,6.391466544999275,73504,112628,25,14478,0.0007926739999675192,0,5801,544,639,0.004441897002834594
157,cadical153,544,12,5.357978041000024,77702,137885,64,18882,0.000970938999671489,0,5805,0,631,0.003809967001870973
157,lingeling,544,12,18.80288968899913,73655,106302,4,11376,0.0037442530010594055,4996,5039,0,540,0.008917663999454817
158,minisat22,543,12,1.3218911869989824,29197,39472,22,4342,0.001993953002966009,0,5677,543,671,0.002134735997969983
158,glucose41,543,12,4.398893663998024,55902,89163,19,12515,0.0021229419980954845,0,5677,543,671,0.0032341830010409467
158,cadical153,543,12,4.832120823000878,69563,129038,23,18350,0.0007979050024005119,0,5718,0,668,0.004068499001732562
158,lingeling,543,12,18.2725205880015,75469,114224,2,12389,0.0018730800002231263,4784,4870,0,531,0.006819864000135567
159,minisat22,547,12,1.7294879610017233,30069,39824,22,4268,0.000573093999264529,0,5783,547,614,0.003059046997805126
159,glucose41,547,12,5.472790545998578,56305,83448,24,10686,0.0006265209995035548,0,5783,547,614,0.003512176001095213
159,cadical153,547,12,4.906866681998508,75191,132602,25,18645,0.0004192850028630346,0,5832,0,613,0.004665057000238448
159,lingeling,547,12,44.229179422000016,170058,258834,1,25793,0.0040727810010139365,4995,5058,0,535,0.0078049270014162175
160,minisat22,544,12,1.8511743130002287,30210,40304,24,4571,0.0014810280008532573,0,5744,544,611,0.003025556001375662
160,glucose41,544,12,5.658820222000941,65021,101784,24,12531,0.001590894997207215,0,5744,544,611,0.005142930000147317
160,cadical153,544,12,5.830772318000527,85920,148118,60,20370,0.0014331990023492835,0,5755,0,613,0.005060482002591016
160,lingeling,544,12,40.26652040499903,162598,241682,2,23628,0.0036837900006503332,4997,5042,0,535,0.007551529000920709
161,minisat22,545,11,1.8265622639992216,33094,43382,25,4754,0.0016011609986890107,0,5622,545,586,0.003006087998073781
161,glucose41,545,11,4.708308221997868,52468,78854,16,10780,0.0017318559985142201,0,5622,545,586,0.005083456002466846
161,cadical153,545,11,3.815525127000001,54922,91034,19,12778,0.0017267149996769149,0,5637,0,584,0.005542945000343025
161,lingeling,545,11,14.214516130999982,59687,83283,4,9278,0.0040704200000618584,4968,5010,0,540,0.008784334997471888
162,minisat22,544,12,1.8264310480008135,30466,40783,23,4491,0.0010883500035561156,0,5815,544,643,0.0032179850022657774
162,glucose41,544,12,4.798475689000043,57964,85323,20,11240,0.0011739870024030097,0,5815,544,643,0.004950228001689538
162,cadical153,544,12,5.228227567000431,66347,117363,48,16521,0.0007876039999246132,0,5814,0,629,0.0035619580012280494
162,lingeling,544,12,42.91391719699823,177847,263088,1,24458,0.0032070760025817435,4978,5030,0,538,0.008449689998087706
163,minisat22,546,11,1.8433499940001639,32792,44038,26,4915,0.0028051349981979,0,5759,546,619,0.003007335002621403
163,glucose41,546,11,4.708509414998844,53632,79784,14,10338,0.0030748030003451277,0,5759,546,619,0.0044062289998691995
163,cadical153,546,11,6.046871000002284,74040,131935,29,18867,0.002431423999951221,0,5791,0,620,0.00488519099963014
163,lingeling,546,11,35.169461248002335,143323,206007,1,18988,0.007929802999569802,5026,5085,0,544,0.008436915999482153
164,minisat22,545,12,1.8722703179992095,31049,40986,23,4452,0.0022470859985332936,0,5815,545,624,0.0035179450023861136
164,glucose41,545,12,5.09161666,56178,78453,24,9547,0.002431767999951262,0,5815,545,624,0.0033319089998258278
164,cadical153,545,12,3.9195237909989373,52000,88493,31,12367,0.0032043819992395584,0,5862,0,624,0.0038490680017275736
164,lingeling,545,12,37.44313727500048,156390,233052,1,22514,0.011233556997467531,5023,5071,0,539,0.01035149199742591
165,minisat22,546,12,2.1992723799994565,31626,40474,22,4100,0.0003094830026384443,0,5857,546,643,0.0031343359987658914
165,glucose41,546,12,5.678521317997365,60370,89530,22,11423,0.00031948299874784425,0,5857,546,643,0.00593658900106675
165,cadical153,546,12,12.180095768002502,83706,252026,26,21640,0.0011163180024595931,0,5859,0,637,0.0042190099993604235
165,lingeling,546,12,45.590632760002336,171587,263319,1,25941,0.0044436729986045975,5023,5093,0,544,0.008350566997251008
166,minisat22,545,11,1.9013499050015525,33675,45785,29,5356,0.002719533000345109,0,5779,545,625,0.0031732979987282306
166,glucose41,545,11,7.088278162998904,84340,133646,16,18217,0.0028737489992636256,0,5779,545,625,0.003773017000639811
166,cadical153,545,11,5.808863721002126,68248,119758,34,16792,0.0009856919969024602,0,5848,0,629,0.0039546520019939635
166,lingeling,545,11,18.45183393699699,72978,106727,3,11745,0.003572962999896845,4985,5040,0,537,0.008327119998284616
167,minisat22,544,12,2.079218853999919,32475,43029,25,4726,0.0009113929991144687,0,5762,544,630,0.0033208550012204796
167,glucose41,544,12,5.6789472729979025,63925,91252,30,10948,0.0009812380012590438,0,5762,544,630,0.003923061001842143
167,cadical153,544,12,6.229938336000487,76815,132060,28,17937,0.0006076019999454729,0,5799,0,629,0.003847451000183355
167,lingeling,544,12,24.386781232999056,92630,140302,2,16011,0.0021208840007602703,5026,5077,0,542,0.009277419001591625
168,minisat22,545,12,1.8532153070009372,32601,42015,22,4303,0.001922402996569872,0,5800,545,642,0.0026232379968860187
168,glucose41,545,12,4.7178148070015595,51518,72696,27,8742,0.002046967998467153,0,5800,545,642,0.004130408000492025
168,cadical153,545,12,5.367671722000523,76326,132808,46,17951,0.001738457998726517,0,5783,0,642,0.006112903000030201
168,lingeling,545,12,35.72183462599787,147310,213461,1,19934,0.0068953849986428395,5001,5057,0,542,0.010611275996780023
169,minisat22,548,12,1.7367289620015072,31195,42455,26,4890,0.0018833109970728401,0,5764,548,618,0.0030851449992042035
169,glucose41,548,12,5.151307030002499,55209,79389,21,9569,0.002036166999459965,0,5764,548,618,0.004525709999143146
169,cadical153,548,12,6.315647690000333,81877,142477,39,19911,0.0008209400002670009,0,5772,0,613,0.004154908001510194
169,lingeling,548,12,23.018290753003384,86246,128060,4,13680,0.0034991860011359677,5025,5061,0,542,0.007538163998106029
170,minisat22,542,12,1.5238132189988391,27996,37343,22,4097,0.0018901880030171014,0,5707,542,598,0.0026793630022439174
170,glucose41,542,12,5.534457230001863,62659,106195,16,14272,0.0020639459980884567,0,5707,542,598,0.004785270997672342
170,cadical153,542,12,5.02398770599757,72451,128903,34,18224,0.0025269510006182827,0,5737,0,600,0.005293072001222754
170,lingeling,542,12,17.80870693899851,72765,105307,4,11032,0.008287513999675866,4963,5039,0,531,0.007972982999490341
171,minisat22,546,11,1.866273468000145,31793,42247,25,4694,5.147998308530077e-06,0,5834,546,651,0.0031678000013926066
171,glucose41,546,11,6.590825955001492,77603,123413,16,16838,7.806000212440267e-06,0,5834,546,651,0.003998009997303598
171,cadical153,546,11,5.795212300999992,77773,137369,49,19561,6.490001396741718e-06,0,5856,0,643,0.0037300240001059137
171,lingeling,546,11,38.77282154999921,153144,229657,1,22828,0.0028860059974249452,5002,5062,0,541,0.007990499998413725
172,minisat22,543,12,1.7004430369997863,31563,42436,25,4636,0.0008250370010500774,0,5749,543,612,0.003256554999097716
172,glucose41,543,12,4.967825427000207,57347,84525,20,10658,0.0008927810013119597,0,5749,543,612,0.003783251999266213
172,cadical153,543,12,3.8067832380002073,51902,86563,19,11736,0.0002080449994537048,0,5742,0,602,0.004195097000774695
172,lingeling,543,12,83.5503022840021,362213,510340,0,38654,0.004538940997008467,4916,4983,0,536,0.007969448997755535
173,minisat22,545,12,1.7206695490021957,31302,43131,27,4959,0.003762763997656293,0,5811,545,627,0.003128932999970857
173,glucose41,545,12,6.736994083999889,71416,109796,30,14173,0.00416609500098275,0,5811,545,627,0.0032661160003044643
173,cadical153,545,12,3.8449325670007966,55693,90702,42,11926,0.003122270998574095,0,5846,0,623,0.0036803189977945294
173,lingeling,545,12,29.322074970001268,115712,172547,1,17881,0.008270084999821847,4982,5036,0,534,0.00791126100011752
174,minisat22,546,12,1.8977826289992663,29177,40201,25,4675,0.0021335669989639428,0,5750,546,621,0.0028680699979304336
174,glucose41,546,12,4.5261303650004265,51674,77779,19,9964,0.002384596999036148,0,5750,546,621,0.005914878001931356
174,cadical153,546,12,3.907213842998317,54764,90158,69,12184,0.0021999500022502616,0,5774,0,624,0.005518449997907737
174,lingeling,546,12,35.349955791003595,140830,206206,2,20046,0.007911946999229258,4998,5040,0,540,0.007210930998553522
175,minisat22,546,12,1.7732712559991342,30676,40611,23,4501,0.001881633001175942,0,5927,546,669,0.002946830001747003
175,glucose41,546,12,6.3249977020022925,68036,101227,35,12866,0.0020071660001121927,0,5927,546,669,0.005217904999881284
175,cadical153,546,12,5.199984983999457,78309,130915,49,17174,0.0009830489980231505,0,5961,0,670,0.003622116997576086
175,lingeling,546,12,36.38634925600127,140652,211267,1,21290,0.0013253729994175956,4948,5032,0,533,0.013466262000292772
176,minisat22,545,12,1.9441320539990556,30241,40865,24,4575,0.002556179999373853,0,5693,545,582,0.0030949729989515617
176,glucose41,545,12,4.194248720999894,45798,65602,19,8248,0.002866098002414219,0,5693,545,582,0.004332860000431538
176,cadical153,545,12,4.130356743000448,54318,89562,30,12023,0.002256456999020884,0,5723,0,582,0.0037038029986433685
176,lingeling,545,12,41.503684106002765,163933,246564,1,24033,0.012471620997530408,5013,5058,0,532,0.008610553999460535
177,minisat22,540,11,1.868196330000501,29490,39795,24,4539,0.0023217139969347045,0,5670,540,605,0.0029415219978545792
177,glucose41,540,11,4.561520684997959,55896,78645,26,9716,0.002522480001061922,0,5670,540,605,0.004284945000108564
177,cadical153,540,11,6.05092272100228,77078,132729,68,18230,0.0024329279985977337,0,5694,0,606,0.004105902000446804
177,lingeling,540,11,36.78556551500151,153859,230446,1,23117,0.007944003002194222,4959,5009,0,535,0.008977721001429018
178,minisat22,546,12,1.3206929989974014,27111,36617,22,4141,0.0011216780003451277,0,5638,546,619,0.002752734002569923
178,glucose41,546,12,3.5986302320015966,46432,71530,20,9426,0.0012065219998476095,0,5638,546,619,0.003630195998994168
178,cadical153,546,12,3.5833461080001143,44399,74979,18,10333,0.0012353210004221182,0,5682,0,617,0.004268650998710655
178,lingeling,546,12,14.372005508997972,56802,84729,2,9428,0.0034804709976015147,4834,4923,0,542,0.006779549999919254
179,minisat22,545,12,1.9503553849972377,32889,43343,24,4539,0.0004829800018342212,0,5785,545,606,0.0029674649995286018
179,glucose41,545,12,5.210225394999725,60076,88915,22,10907,0.0005395539992605336,0,5785,545,606,0.0045469659999071155
179,cadical153,545,12,6.1263274740013,78793,135547,29,18387,0.001101687001209939,0,5813,0,609,0.004428608997841366
179,lingeling,545,12,41.0356671360023,161685,241077,1,22840,0.003299113999673864,5053,5094,0,544,0.008312150999699952
180,minisat22,545,12,1.688631307999458,29238,38159,22,4119,0.002229382000223268,0,5680,545,619,0.002605382000183454
180,glucose41,545,12,3.040455562000716,41407,55364,20,6345,0.0023208980019262526,0,5680,545,619,0.004723229998489842
180,cadical153,545,12,4.564541681000264,64608,116855,29,16056,0.0017296199985139538,0,5707,0,613,0.00335805199938477
180,lingeling,545,12,29.613344004999817,130365,189015,1,18730,0.004410566001752159,4933,4991,0,542,0.007165160001022741
181,minisat22,547,12,1.6893588560014905,28963,38943,24,4531,0.0008120679995045066,0,5738,547,634,0.0024869269982445985
181,glucose41,547,12,4.249670851997507,52232,75216,19,9549,0.0008786300022620708,0,5738,547,634,0.0053579149971483275
181,cadical153,547,12,4.340887885002303,66337,117258,23,15957,0.0010368750008638017,0,5745,0,626,0.006738980999216437
181,lingeling,547,12,36.63090759000261,149068,225652,1,22402,0.00506296000094153,4920,4981,0,540,0.00782082600198919
182,minisat22,545,11,1.8982303900011175,32109,42990,25,4761,0.0012545659992611036,0,5681,545,591,0.003275457002018811
182,glucose41,545,11,4.757081129999278,52945,79817,20,10417,0.0014195600015227683,0,5681,545,591,0.003742867000255501
182,cadical153,545,11,14.06550746100038,88852,282612,88,22558,0.002039561000856338,0,5707,0,592,0.004098762998182792
182,lingeling,545,11,23.942983261000336,96648,139974,2,14505,0.007156591000239132,5005,5039,0,541,0.008926966998842545
183,minisat22,545,12,1.5814656459988328,28983,37311,20,3751,0.0013612809998448938,0,5902,545,662,0.0026725839998107404
183,glucose41,545,12,5.459946345999924,57250,88166,22,11652,0.0014610360012738965,0,5902,545,662,0.0044067620001442265
183,cadical153,545,12,4.442987833001098,60986,113571,27,16106,0.0006492239990620874,0,5904,0,654,0.003426391998800682
183,lingeling,545,12,42.2035693910002,173605,260215,1,24033,0.003081733000726672,4947,5042,0,526,0.007346278998738853
184,minisat22,548,12,1.9393042049996438,32134,43162,27,4953,0.0011703750024025794,0,5796,548,623,0.0030349250009749085
184,glucose41,548,12,6.000547057999938,69595,110442,19,15042,0.0012360020009509753,0,5796,548,623,0.004656213000998832
184,cadical153,548,12,4.528524370001833,56535,97315,32,13758,0.0009299649973399937,0,5830,0,621,0.003951350001443643
184,lingeling,548,12,22.37244165700031,82035,124384,2,14129,0.003118181000900222,4998,5074,0,539,0.00781666100010625
185,minisat22,546,12,1.752793349998683,27447,37907,25,4679,0.0014534599977196194,0,5847,546,655,0.0027638230021693744
185,glucose41,546,12,6.435885513001267,67435,108035,27,14523,0.0015934650000417605,0,5847,546,655,0.005335841997293755
185,cadical153,546,12,8.324472823001997,84643,248548,38,21152,0.002625247998366831,0,5893,0,658,0.004333357999712462
185,lingeling,546,12,28.225814629000524,110737,163821,2,17182,0.008490983997035073,5020,5055,0,539,0.00857766800254467
186,minisat22,545,12,1.802013247001014,28798,39073,23,4476,0.00035648599805426784,0,5815,545,657,0.003159825999318855
186,glucose41,545,12,4.401475642996957,53260,80183,16,10647,0.0003771210031118244,0,5815,545,657,0.004525629999989178
186,cadical153,545,12,6.0924520139997185,83738,146811,56,20082,0.0005690729994967114,0,5850,0,659,0.004328902999986894
186,lingeling,545,12,16.99052684200069,66077,95409,4,10207,0.008042500001465669,4956,5031,0,541,0.007770989999698941
187,minisat22,546,12,2.083801509001205,32787,43074,25,4746,0.0010779929980344605,0,5799,546,632,0.0031373109995911364
187,glucose41,546,12,5.940897665997909,73493,113689,14,15305,0.001174586999695748,0,5799,546,632,0.0049824800007627346
187,cadical153,546,12,4.903924665002705,71551,126323,18,17884,0.0007888219988672063,0,5804,0,628,0.0037744199980807025
187,lingeling,546,12,80.48138975999973,327825,464433,0,36743,0.004165510999882827,5000,5079,0,538,0.008007943000848172
188,minisat22,545,12,1.9203699419995246,32835,44065,27,4952,8.036997314775363e-06,0,5735,545,616,0.003226853998057777
188,glucose41,545,12,4.544381426003383,53434,80220,17,9841,8.847000572131947e-06,0,5735,545,616,0.006804036998801166
188,cadical153,545,12,5.248435776000406,66669,116333,36,16080,6.797999958507717e-06,0,5781,0,614,0.003871277000143891
188,lingeling,545,12,33.43736533500123,127058,189416,3,19106,0.0029775090006296523,4959,5038,0,528,0.010996382003213512
189,minisat22,545,12,1.4087573220022023,29767,39955,25,4648,0.0010361589993408415,0,5723,545,648,0.002656881999428151
189,glucose41,545,12,3.513887616001739,49579,71908,15,9160,0.0011027410000679083,0,5723,545,648,0.0033519739990879316
189,cadical153,545,12,5.283342405997246,71524,124262,55,16934,0.0021577539991994854,0,5763,0,647,0.006936473997484427
189,lingeling,545,12,30.345827244000247,128295,186735,1,17812,0.005227587000263156,4916,4991,0,538,0.011114430999441538
190,minisat22,548,11,1.4750129810017825,28146,36665,21,3979,0.002536748997954419,0,5711,548,600,0.003145399001368787
190,glucose41,548,11,4.436353465000138,44795,66629,17,8572,0.0026832639996428043,0,5711,548,600,0.00392962000114494
190,cadical153,548,11,5.446343742998579,77707,132663,69,18104,0.00393683400034206,0,5745,0,604,0.004351998002675828
190,lingeling,548,11,40.66904286499994,158623,236105,1,23098,0.009991024999180809,4987,5052,0,540,0.010436093001771951
191,minisat22,544,12,1.788325346999045,31616,42482,25,4710,0.0011395359979360364,0,5827,544,658,0.003090153000812279
191,glucose41,544,12,4.913538731998415,56277,84763,18,11323,0.0012304360025154892,0,5827,544,658,0.005596926999714924
191,cadical153,544,12,4.006840367001132,56554,93655,42,12422,0.0011163599992869422,0,5842,0,649,0.0049676169983285945
191,lingeling,544,12,31.346333452998806,126776,189193,1,18897,0.0065052039972215425,4948,5007,0,536,0.009645900998293655
192,minisat22,544,12,1.8909291730014957,32608,42523,22,4427,0.0027057570005126763,0,5788,544,627,0.00310933400032809
192,glucose41,544,12,5.747571423002228,57145,86070,21,10775,0.0029490160013665445,0,5788,544,627,0.00595724400045583
192,cadical153,544,12,19.930696423998597,93717,294527,97,24802,0.003416507999645546,0,5828,0,631,0.0051531930002965964
192,lingeling,544,12,39.3364648200004,154664,232838,2,23726,0.008420647998718778,5034,5090,0,544,0.007963369000208331
193,minisat22,548,12,1.8932002990004548,28813,39071,24,4568,0.0012798600000678562,0,5905,548,655,0.003101259997492889
193,glucose41,548,12,6.914152760000434,82756,145213,16,19985,0.001370193000184372,0,5905,548,655,0.004308799998398172
193,cadical153,548,12,5.875356452001142,73747,133507,36,19301,0.001322414002061123,0,5934,0,653,0.004574226997647202
193,lingeling,548,12,38.533432353000535,155766,229374,1,22321,0.004506118002609583,5018,5092,0,545,0.010075476002384676
194,minisat22,542,13,1.6307597790000727,27443,37984,23,4493,0.0011646270031633321,0,5764,542,645,0.00272624200079008
194,glucose41,542,13,4.260211140001047,47917,70071,17,8457,0.0012627920004888438,0,5764,542,645,0.006013900001562433
194,cadical153,542,13,10.709561023999413,92713,260552,101,21720,0.001460179999412503,0,5818,0,648,0.004839633998926729
194,lingeling,542,13,36.594065238998155,144488,218321,1,21792,0.007458193998900242,4929,5012,0,533,0.007332748999033356
195,minisat22,546,11,2.0466050369977893,32618,43256,25,4770,0.0012344479982857592,0,5859,546,624,0.0032791899975563865
195,glucose41,546,11,6.201595549999183,70593,108080,20,14641,0.0013867220004613046,0,5859,546,624,0.00512057800006005
195,cadical153,546,11,5.158254499001487,76139,134215,46,18788,0.0009210790012730286,0,5897,0,634,0.003891301999829011
195,lingeling,546,11,21.3426891099989,84251,125756,2,14255,0.003344946999277454,5059,5092,0,544,0.008613759997388115
196,minisat22,545,12,1.884006345000671,30178,41348,25,4646,0.00030078399868216366,0,5745,545,629,0.0030367170002136845
196,glucose41,545,12,5.769907703001081,68662,110511,21,14983,0.0003207160007150378,0,5745,545,629,0.005758800998592051
196,cadical153,545,12,14.906721973002277,87913,283520,41,23514,0.0004066150031576399,0,5798,0,628,0.004227035999065265
196,lingeling,545,12,17.55880183300178,68102,99895,3,10923,0.0035591269988799468,4971,5033,0,540,0.008182181998563465
197,minisat22,546,12,1.67817935599669,28288,38669,24,4539,0.0010212519991910085,0,5789,546,627,0.0029225559992482886
197,glucose41,546,12,5.436481665001338,64235,97832,16,12913,0.0010967989983328152,0,5789,546,627,0.005235879001702415
197,cadical153,546,12,5.55422402199838,68574,123115,42,17612,0.001516691001597792,0,5811,0,623,0.0041401189992029686
197,lingeling,546,12,20.880111469999974,80859,120580,2,12848,0.00699718100077007,5005,5051,0,535,0.009219126997777494
198,minisat22,545,12,1.3490297419994022,27798,37557,22,4171,0.0010095329998875968,0,5760,545,608,0.0029494310001609847
198,glucose41,545,12,5.164472890999605,59852,89845,23,11466,0.0010223930003121495,0,5760,545,608,0.0030898020013410132
198,cadical153,545,12,5.556836258001567,70103,131259,30,19371,0.000703796002198942,0,5801,0,612,0.00602138899921556
198,lingeling,545,12,35.62308376799774,142003,216082,1,21688,0.004900700001599034,4943,5011,0,528,0.008668279002449708
199,minisat22,546,12,1.8340344919997733,30677,41470,25,4723,0.0011816789992735721,0,5823,546,636,0.00277485200058436
199,glucose41,546,12,5.081291607999447,57688,85005,22,11143,0.001220187001308659,0,5823,546,636,0.004907743998046499
199,cadical153,546,12,4.814054065998789,73757,126911,33,17205,0.0010780220000015106,0,5841,0,635,0.00433479299681494
199,lingeling,546,12,19.965615175002313,81787,121316,3,13467,0.003413378999539418,4980,5042,0,540,0.007926221001980593
